PERMNO,HdrCUSIP,Ticker,PERMCO,DlyCalDt,DlyPrc,DlyRet,DlyVol
84398,78462F10,SPY,46699,2018-01-02,268.770000,0.007157,86655749
84398,78462F10,SPY,46699,2018-01-03,270.470000,0.006325,90070416
84398,78462F10,SPY,46699,2018-01-04,271.610000,0.004215,80636408
84398,78462F10,SPY,46699,2018-01-05,273.420000,0.006664,83523995
84398,78462F10,SPY,46699,2018-01-08,273.920000,0.001829,57319192
84398,78462F10,SPY,46699,2018-01-09,274.540000,0.002263,57253957
84398,78462F10,SPY,46699,2018-01-10,274.120000,-0.001530,69574318
84398,78462F10,SPY,46699,2018-01-11,276.120000,0.007296,62361455
84398,78462F10,SPY,46699,2018-01-12,277.920000,0.006519,90816076
84398,78462F10,SPY,46699,2018-01-16,276.970000,-0.003418,106555142
84398,78462F10,SPY,46699,2018-01-17,279.610000,0.009532,113258799
84398,78462F10,SPY,46699,2018-01-18,279.140000,-0.001681,100728006
84398,78462F10,SPY,46699,2018-01-19,280.410000,0.004550,140920098
84398,78462F10,SPY,46699,2018-01-22,282.690000,0.008131,91322408
84398,78462F10,SPY,46699,2018-01-23,283.290000,0.002122,97084700
84398,78462F10,SPY,46699,2018-01-24,283.180000,-0.000388,134816117
84398,78462F10,SPY,46699,2018-01-25,283.300000,0.000424,84587313
84398,78462F10,SPY,46699,2018-01-26,286.580000,0.011578,107743119
84398,78462F10,SPY,46699,2018-01-29,284.680000,-0.006630,90118337
84398,78462F10,SPY,46699,2018-01-30,281.760000,-0.010257,131796419
84398,78462F10,SPY,46699,2018-01-31,281.900000,0.000497,118948131
84398,78462F10,SPY,46699,2018-02-01,281.580000,-0.001135,90102470
84398,78462F10,SPY,46699,2018-02-02,275.450000,-0.021770,173174790
84398,78462F10,SPY,46699,2018-02-05,263.930000,-0.041822,294681816
84398,78462F10,SPY,46699,2018-02-06,269.130000,0.019702,355026782
84398,78462F10,SPY,46699,2018-02-07,267.670000,-0.005425,167376100
84398,78462F10,SPY,46699,2018-02-08,257.630000,-0.037509,246449505
84398,78462F10,SPY,46699,2018-02-09,261.500000,0.015022,283565315
84398,78462F10,SPY,46699,2018-02-12,265.340000,0.014685,143735976
84398,78462F10,SPY,46699,2018-02-13,266.000000,0.002487,81223640
84398,78462F10,SPY,46699,2018-02-14,269.590000,0.013496,120735685
84398,78462F10,SPY,46699,2018-02-15,273.030000,0.012760,111200286
84398,78462F10,SPY,46699,2018-02-16,273.110000,0.000293,160420135
84398,78462F10,SPY,46699,2018-02-20,271.400000,-0.006261,86369662
84398,78462F10,SPY,46699,2018-02-21,270.050000,-0.004974,98883740
84398,78462F10,SPY,46699,2018-02-22,270.400000,0.001296,110511290
84398,78462F10,SPY,46699,2018-02-23,274.710000,0.015939,92766428
84398,78462F10,SPY,46699,2018-02-26,277.900000,0.011612,86491406
84398,78462F10,SPY,46699,2018-02-27,274.430000,-0.012487,99099165
84398,78462F10,SPY,46699,2018-02-28,271.650000,-0.010130,121907767
84398,78462F10,SPY,46699,2018-03-01,267.700000,-0.014541,176855077
84398,78462F10,SPY,46699,2018-03-02,269.080000,0.005155,139083217
84398,78462F10,SPY,46699,2018-03-05,272.190000,0.011558,97307387
84398,78462F10,SPY,46699,2018-03-06,272.880000,0.002535,79213163
84398,78462F10,SPY,46699,2018-03-07,272.780000,-0.000366,87063502
84398,78462F10,SPY,46699,2018-03-08,274.100000,0.004839,66901150
84398,78462F10,SPY,46699,2018-03-09,278.870000,0.017402,113625335
84398,78462F10,SPY,46699,2018-03-12,278.520000,-0.001255,71924793
84398,78462F10,SPY,46699,2018-03-13,276.720000,-0.006463,91968937
84398,78462F10,SPY,46699,2018-03-14,275.300000,-0.005132,105895079
84398,78462F10,SPY,46699,2018-03-15,275.000000,-0.001090,83433038
84398,78462F10,SPY,46699,2018-03-16,274.200000,0.001079,100343673
84398,78462F10,SPY,46699,2018-03-19,270.490000,-0.013530,109208442
84398,78462F10,SPY,46699,2018-03-20,270.950000,0.001701,59757271
84398,78462F10,SPY,46699,2018-03-21,270.430000,-0.001919,78709578
84398,78462F10,SPY,46699,2018-03-22,263.670000,-0.024997,148785916
84398,78462F10,SPY,46699,2018-03-23,258.050000,-0.021315,183534751
84398,78462F10,SPY,46699,2018-03-26,265.110000,0.027359,141956102
84398,78462F10,SPY,46699,2018-03-27,260.600000,-0.017012,129941445
84398,78462F10,SPY,46699,2018-03-28,259.830000,-0.002955,146452306
84398,78462F10,SPY,46699,2018-03-29,263.150000,0.012778,124244790
84398,78462F10,SPY,46699,2018-04-02,257.470000,-0.021585,186286343
84398,78462F10,SPY,46699,2018-04-03,260.770000,0.012817,119956861
84398,78462F10,SPY,46699,2018-04-04,263.560000,0.010699,123715339
84398,78462F10,SPY,46699,2018-04-05,265.640000,0.007892,82652618
84398,78462F10,SPY,46699,2018-04-06,259.720000,-0.022286,179521209
84398,78462F10,SPY,46699,2018-04-09,261.000000,0.004928,105442932
84398,78462F10,SPY,46699,2018-04-10,265.150000,0.015900,105573736
84398,78462F10,SPY,46699,2018-04-11,263.760000,-0.005242,91140243
84398,78462F10,SPY,46699,2018-04-12,265.930000,0.008227,68890480
84398,78462F10,SPY,46699,2018-04-13,265.150000,-0.002933,85079176
84398,78462F10,SPY,46699,2018-04-16,267.330000,0.008222,63405287
84398,78462F10,SPY,46699,2018-04-17,270.190000,0.010698,64682036
84398,78462F10,SPY,46699,2018-04-18,270.390000,0.000740,57303857
84398,78462F10,SPY,46699,2018-04-19,268.890000,-0.005548,77655909
84398,78462F10,SPY,46699,2018-04-20,266.610000,-0.008479,99953133
84398,78462F10,SPY,46699,2018-04-23,266.570000,-0.000150,65557954
84398,78462F10,SPY,46699,2018-04-24,262.980000,-0.013467,112885452
84398,78462F10,SPY,46699,2018-04-25,263.630000,0.002472,103840948
84398,78462F10,SPY,46699,2018-04-26,266.310000,0.010166,67731942
84398,78462F10,SPY,46699,2018-04-27,266.560000,0.000939,57053647
84398,78462F10,SPY,46699,2018-04-30,264.510000,-0.007691,82182324
84398,78462F10,SPY,46699,2018-05-01,264.980000,0.001777,74203365
84398,78462F10,SPY,46699,2018-05-02,263.200000,-0.006717,86368943
84398,78462F10,SPY,46699,2018-05-03,262.620000,-0.002204,136311479
84398,78462F10,SPY,46699,2018-05-04,266.020000,0.012946,91222075
84398,78462F10,SPY,46699,2018-05-07,266.920000,0.003383,55304907
84398,78462F10,SPY,46699,2018-05-08,266.920000,0.000000,67499247
84398,78462F10,SPY,46699,2018-05-09,269.500000,0.009666,59666143
84398,78462F10,SPY,46699,2018-05-10,272.020000,0.009351,72063931
84398,78462F10,SPY,46699,2018-05-11,272.850000,0.003051,59871511
84398,78462F10,SPY,46699,2018-05-14,272.980000,0.000476,54790606
84398,78462F10,SPY,46699,2018-05-15,271.100000,-0.006887,87036036
84398,78462F10,SPY,46699,2018-05-16,272.240000,0.004205,53942631
84398,78462F10,SPY,46699,2018-05-17,272.010000,-0.000845,56536400
84398,78462F10,SPY,46699,2018-05-18,271.330000,-0.002500,64367959
84398,78462F10,SPY,46699,2018-05-21,273.370000,0.007519,58025875
84398,78462F10,SPY,46699,2018-05-22,272.610000,-0.002780,52966358
84398,78462F10,SPY,46699,2018-05-23,273.360000,0.002751,64694184
84398,78462F10,SPY,46699,2018-05-24,272.800000,-0.002049,76043827
84398,78462F10,SPY,46699,2018-05-25,272.150000,-0.002383,56374755
84398,78462F10,SPY,46699,2018-05-29,269.020000,-0.011501,115908607
84398,78462F10,SPY,46699,2018-05-30,272.610000,0.013345,69678449
84398,78462F10,SPY,46699,2018-05-31,270.940000,-0.006126,93519941
84398,78462F10,SPY,46699,2018-06-01,273.600000,0.009818,71258411
84398,78462F10,SPY,46699,2018-06-04,274.900000,0.004751,45385166
84398,78462F10,SPY,46699,2018-06-05,275.100000,0.000728,51135038
84398,78462F10,SPY,46699,2018-06-06,277.400000,0.008361,62732215
84398,78462F10,SPY,46699,2018-06-07,277.370000,-0.000108,72969402
84398,78462F10,SPY,46699,2018-06-08,278.190000,0.002956,72139719
84398,78462F10,SPY,46699,2018-06-11,278.560000,0.001330,58892515
84398,78462F10,SPY,46699,2018-06-12,278.920000,0.001292,72329028
84398,78462F10,SPY,46699,2018-06-13,278.030000,-0.003191,79070610
84398,78462F10,SPY,46699,2018-06-14,278.730000,0.002518,77097620
84398,78462F10,SPY,46699,2018-06-15,277.130000,-0.001272,120041562
84398,78462F10,SPY,46699,2018-06-18,276.560000,-0.002057,52917581
84398,78462F10,SPY,46699,2018-06-19,275.500000,-0.003833,97531510
84398,78462F10,SPY,46699,2018-06-20,275.970000,0.001706,53785486
84398,78462F10,SPY,46699,2018-06-21,274.240000,-0.006269,71061404
84398,78462F10,SPY,46699,2018-06-22,274.740000,0.001823,56612003
84398,78462F10,SPY,46699,2018-06-25,271.000000,-0.013613,137854162
84398,78462F10,SPY,46699,2018-06-26,271.600000,0.002214,68683211
84398,78462F10,SPY,46699,2018-06-27,269.350000,-0.008284,105110674
84398,78462F10,SPY,46699,2018-06-28,270.890000,0.005717,76650517
84398,78462F10,SPY,46699,2018-06-29,271.280000,0.001440,97592499
84398,78462F10,SPY,46699,2018-07-02,271.860000,0.002138,63554774
84398,78462F10,SPY,46699,2018-07-03,270.900000,-0.003531,42187071
84398,78462F10,SPY,46699,2018-07-05,273.110000,0.008158,56925919
84398,78462F10,SPY,46699,2018-07-06,275.420000,0.008458,66493696
84398,78462F10,SPY,46699,2018-07-09,277.900000,0.009004,50550399
84398,78462F10,SPY,46699,2018-07-10,278.900000,0.003598,51966829
84398,78462F10,SPY,46699,2018-07-11,276.860000,-0.007314,77054739
84398,78462F10,SPY,46699,2018-07-12,279.370000,0.009066,60124687
84398,78462F10,SPY,46699,2018-07-13,279.590000,0.000787,48234964
84398,78462F10,SPY,46699,2018-07-16,279.340000,-0.000894,48201038
84398,78462F10,SPY,46699,2018-07-17,280.470000,0.004045,52315500
84398,78462F10,SPY,46699,2018-07-18,281.060000,0.002104,44593465
84398,78462F10,SPY,46699,2018-07-19,280.000000,-0.003771,61412117
84398,78462F10,SPY,46699,2018-07-20,279.680000,-0.001143,82372729
84398,78462F10,SPY,46699,2018-07-23,280.200000,0.001859,47047565
84398,78462F10,SPY,46699,2018-07-24,281.610000,0.005032,68026935
84398,78462F10,SPY,46699,2018-07-25,284.010000,0.008522,78882927
84398,78462F10,SPY,46699,2018-07-26,283.340000,-0.002359,57919495
84398,78462F10,SPY,46699,2018-07-27,281.420000,-0.006776,76783177
84398,78462F10,SPY,46699,2018-07-30,279.950000,-0.005224,63742508
84398,78462F10,SPY,46699,2018-07-31,281.330000,0.004929,68570493
84398,78462F10,SPY,46699,2018-08-01,280.860000,-0.001671,53853326
84398,78462F10,SPY,46699,2018-08-02,282.390000,0.005448,63426363
84398,78462F10,SPY,46699,2018-08-03,283.600000,0.004285,53935386
84398,78462F10,SPY,46699,2018-08-06,284.640000,0.003667,39400887
84398,78462F10,SPY,46699,2018-08-07,285.580000,0.003302,43196646
84398,78462F10,SPY,46699,2018-08-08,285.460000,-0.000420,42114551
84398,78462F10,SPY,46699,2018-08-09,285.070000,-0.001366,35716976
84398,78462F10,SPY,46699,2018-08-10,283.160000,-0.006700,77076044
84398,78462F10,SPY,46699,2018-08-13,282.100000,-0.003743,65732909
84398,78462F10,SPY,46699,2018-08-14,283.900000,0.006381,43842031
84398,78462F10,SPY,46699,2018-08-15,281.780000,-0.007467,102925355
84398,78462F10,SPY,46699,2018-08-16,284.060000,0.008091,69967919
84398,78462F10,SPY,46699,2018-08-17,285.060000,0.003520,65618481
84398,78462F10,SPY,46699,2018-08-20,285.670000,0.002140,39807490
84398,78462F10,SPY,46699,2018-08-21,286.340000,0.002345,67271983
84398,78462F10,SPY,46699,2018-08-22,286.170000,-0.000594,44993333
84398,78462F10,SPY,46699,2018-08-23,285.790000,-0.001328,49204851
84398,78462F10,SPY,46699,2018-08-24,287.510000,0.006018,57487399
84398,78462F10,SPY,46699,2018-08-27,289.780000,0.007895,57072377
84398,78462F10,SPY,46699,2018-08-28,289.920000,0.000483,46943472
84398,78462F10,SPY,46699,2018-08-29,291.480000,0.005381,61485514
84398,78462F10,SPY,46699,2018-08-30,290.300000,-0.004048,61229501
84398,78462F10,SPY,46699,2018-08-31,290.310000,0.000034,66140838
84398,78462F10,SPY,46699,2018-09-04,289.810000,-0.001722,57594367
84398,78462F10,SPY,46699,2018-09-05,289.030000,-0.002691,72452437
84398,78462F10,SPY,46699,2018-09-06,288.160000,-0.003010,65909863
84398,78462F10,SPY,46699,2018-09-07,287.600000,-0.001943,73524824
84398,78462F10,SPY,46699,2018-09-10,288.100000,0.001739,50210903
84398,78462F10,SPY,46699,2018-09-11,289.050000,0.003297,50530492
84398,78462F10,SPY,46699,2018-09-12,289.120000,0.000242,59810758
84398,78462F10,SPY,46699,2018-09-13,290.830000,0.005914,51034222
84398,78462F10,SPY,46699,2018-09-14,290.880000,0.000172,55079875
84398,78462F10,SPY,46699,2018-09-17,289.340000,-0.005294,68244043
84398,78462F10,SPY,46699,2018-09-18,290.910000,0.005426,61930407
84398,78462F10,SPY,46699,2018-09-19,291.220000,0.001066,49080562
84398,78462F10,SPY,46699,2018-09-20,293.580000,0.008104,100360646
84398,78462F10,SPY,46699,2018-09-21,291.990000,-0.000911,105479656
84398,78462F10,SPY,46699,2018-09-24,291.020000,-0.003322,53409645
84398,78462F10,SPY,46699,2018-09-25,290.750000,-0.000928,44370037
84398,78462F10,SPY,46699,2018-09-26,289.880000,-0.002992,79739674
84398,78462F10,SPY,46699,2018-09-27,290.690000,0.002794,59249455
84398,78462F10,SPY,46699,2018-09-28,290.720000,0.000103,70091385
84398,78462F10,SPY,46699,2018-10-01,291.730000,0.003474,62078937
84398,78462F10,SPY,46699,2018-10-02,291.560000,-0.000583,47258227
84398,78462F10,SPY,46699,2018-10-03,291.720000,0.000549,64694594
84398,78462F10,SPY,46699,2018-10-04,289.440000,-0.007816,111545910
84398,78462F10,SPY,46699,2018-10-05,287.820000,-0.005597,105951698
84398,78462F10,SPY,46699,2018-10-08,287.820000,0.000000,87742172
84398,78462F10,SPY,46699,2018-10-09,287.400000,-0.001459,74338982
84398,78462F10,SPY,46699,2018-10-10,278.300000,-0.031663,214731042
84398,78462F10,SPY,46699,2018-10-11,272.170000,-0.022027,274840491
84398,78462F10,SPY,46699,2018-10-12,275.950000,0.013888,183186492
84398,78462F10,SPY,46699,2018-10-15,274.400000,-0.005617,102263717
84398,78462F10,SPY,46699,2018-10-16,280.400000,0.021866,118255834
84398,78462F10,SPY,46699,2018-10-17,280.450000,0.000178,110625987
84398,78462F10,SPY,46699,2018-10-18,276.400000,-0.014441,134557525
84398,78462F10,SPY,46699,2018-10-19,276.250000,-0.000543,139901634
84398,78462F10,SPY,46699,2018-10-22,275.010000,-0.004489,82415812
84398,78462F10,SPY,46699,2018-10-23,273.610000,-0.005091,146352719
84398,78462F10,SPY,46699,2018-10-24,265.320000,-0.030299,177806697
84398,78462F10,SPY,46699,2018-10-25,270.080000,0.017941,138061545
84398,78462F10,SPY,46699,2018-10-26,265.330000,-0.017587,201574596
84398,78462F10,SPY,46699,2018-10-29,263.860000,-0.005540,160749101
84398,78462F10,SPY,46699,2018-10-30,267.770000,0.014818,157115995
84398,78462F10,SPY,46699,2018-10-31,270.630000,0.010681,128296325
84398,78462F10,SPY,46699,2018-11-01,273.510000,0.010642,99495037
84398,78462F10,SPY,46699,2018-11-02,271.890000,-0.005923,122634107
84398,78462F10,SPY,46699,2018-11-05,273.390000,0.005517,65622482
84398,78462F10,SPY,46699,2018-11-06,275.120000,0.006328,60085894
84398,78462F10,SPY,46699,2018-11-07,281.010000,0.021409,102752099
84398,78462F10,SPY,46699,2018-11-08,280.500000,-0.001815,65584886
84398,78462F10,SPY,46699,2018-11-09,277.760000,-0.009768,98812561
84398,78462F10,SPY,46699,2018-11-12,272.570000,-0.018685,99673574
84398,78462F10,SPY,46699,2018-11-13,272.060000,-0.001871,98176610
84398,78462F10,SPY,46699,2018-11-14,270.200000,-0.006837,125335931
84398,78462F10,SPY,46699,2018-11-15,273.020000,0.010437,135101437
84398,78462F10,SPY,46699,2018-11-16,273.730000,0.002601,126668040
84398,78462F10,SPY,46699,2018-11-19,269.100000,-0.016914,103061706
84398,78462F10,SPY,46699,2018-11-20,264.120000,-0.018506,136021311
84398,78462F10,SPY,46699,2018-11-21,265.020000,0.003408,75563743
84398,78462F10,SPY,46699,2018-11-23,263.250000,-0.006679,42807878
84398,78462F10,SPY,46699,2018-11-26,267.500000,0.016144,79981362
84398,78462F10,SPY,46699,2018-11-27,268.400000,0.003364,75502441
84398,78462F10,SPY,46699,2018-11-28,274.580000,0.023025,127629633
84398,78462F10,SPY,46699,2018-11-29,273.980000,-0.002185,82346420
84398,78462F10,SPY,46699,2018-11-30,275.650000,0.006095,98204190
84398,78462F10,SPY,46699,2018-12-03,279.300000,0.013241,103017719
84398,78462F10,SPY,46699,2018-12-04,270.250000,-0.032402,177986013
84398,78462F10,SPY,46699,2018-12-06,269.840000,-0.001517,204185411
84398,78462F10,SPY,46699,2018-12-07,263.570000,-0.023236,161018923
84398,78462F10,SPY,46699,2018-12-10,264.070000,0.001897,151445885
84398,78462F10,SPY,46699,2018-12-11,264.130000,0.000227,121504431
84398,78462F10,SPY,46699,2018-12-12,265.460000,0.005035,97976706
84398,78462F10,SPY,46699,2018-12-13,265.370000,-0.000339,96662717
84398,78462F10,SPY,46699,2018-12-14,260.470000,-0.018465,116961071
84398,78462F10,SPY,46699,2018-12-17,255.360000,-0.019618,165492257
84398,78462F10,SPY,46699,2018-12-18,255.080000,-0.001096,134515094
84398,78462F10,SPY,46699,2018-12-19,251.260000,-0.014976,214992763
84398,78462F10,SPY,46699,2018-12-20,247.170000,-0.016278,252053377
84398,78462F10,SPY,46699,2018-12-21,240.700000,-0.020369,255345633
84398,78462F10,SPY,46699,2018-12-24,234.340000,-0.026423,147311588
84398,78462F10,SPY,46699,2018-12-26,246.180000,0.050525,218485360
84398,78462F10,SPY,46699,2018-12-27,248.070000,0.007677,186267342
84398,78462F10,SPY,46699,2018-12-28,247.750000,-0.001290,153100189
84398,78462F10,SPY,46699,2018-12-31,249.920000,0.008759,144299370
84398,78462F10,SPY,46699,2019-01-02,250.180000,0.001040,126925199
84398,78462F10,SPY,46699,2019-01-03,244.210000,-0.023863,144140692
84398,78462F10,SPY,46699,2019-01-04,252.390000,0.033496,142628834
84398,78462F10,SPY,46699,2019-01-07,254.380000,0.007885,103139100
84398,78462F10,SPY,46699,2019-01-08,256.770000,0.009395,102512587
84398,78462F10,SPY,46699,2019-01-09,257.970000,0.004673,95006554
84398,78462F10,SPY,46699,2019-01-10,258.880000,0.003528,96823923
84398,78462F10,SPY,46699,2019-01-11,258.980000,0.000386,73858110
84398,78462F10,SPY,46699,2019-01-14,257.400000,-0.006101,70908227
84398,78462F10,SPY,46699,2019-01-15,260.350000,0.011461,85208271
84398,78462F10,SPY,46699,2019-01-16,260.980000,0.002420,77636710
84398,78462F10,SPY,46699,2019-01-17,262.960000,0.007587,96118435
84398,78462F10,SPY,46699,2019-01-18,266.460000,0.013310,127900303
84398,78462F10,SPY,46699,2019-01-22,262.860000,-0.013510,115531183
84398,78462F10,SPY,46699,2019-01-23,263.410000,0.002092,86030287
84398,78462F10,SPY,46699,2019-01-24,263.550000,0.000531,59204139
84398,78462F10,SPY,46699,2019-01-25,265.780000,0.008461,96883358
84398,78462F10,SPY,46699,2019-01-28,263.760000,-0.007600,85613655
84398,78462F10,SPY,46699,2019-01-29,263.410000,-0.001327,66136334
84398,78462F10,SPY,46699,2019-01-30,267.580000,0.015831,92473671
84398,78462F10,SPY,46699,2019-01-31,269.930000,0.008782,104012073
84398,78462F10,SPY,46699,2019-02-01,270.060000,0.000482,85782524
84398,78462F10,SPY,46699,2019-02-04,271.960000,0.007035,60744844
84398,78462F10,SPY,46699,2019-02-05,273.100000,0.004192,79552774
84398,78462F10,SPY,46699,2019-02-06,272.740000,-0.001318,58347791
84398,78462F10,SPY,46699,2019-02-07,270.140000,-0.009533,95481961
84398,78462F10,SPY,46699,2019-02-08,270.470000,0.001222,75788861
84398,78462F10,SPY,46699,2019-02-11,270.620000,0.000555,68021423
84398,78462F10,SPY,46699,2019-02-12,274.100000,0.012859,72270221
84398,78462F10,SPY,46699,2019-02-13,274.990000,0.003247,65277204
84398,78462F10,SPY,46699,2019-02-14,274.380000,-0.002218,83234396
84398,78462F10,SPY,46699,2019-02-15,277.370000,0.010897,97088659
84398,78462F10,SPY,46699,2019-02-19,277.850000,0.001731,59120804
84398,78462F10,SPY,46699,2019-02-20,278.410000,0.002015,76610767
84398,78462F10,SPY,46699,2019-02-21,277.420000,-0.003556,64214727
84398,78462F10,SPY,46699,2019-02-22,279.140000,0.006200,78114616
84398,78462F10,SPY,46699,2019-02-25,279.520000,0.001361,69030699
84398,78462F10,SPY,46699,2019-02-26,279.320000,-0.000716,56844101
84398,78462F10,SPY,46699,2019-02-27,279.200000,-0.000430,56921570
84398,78462F10,SPY,46699,2019-02-28,278.680000,-0.001862,69268293
84398,78462F10,SPY,46699,2019-03-01,280.420000,0.006244,78880548
84398,78462F10,SPY,46699,2019-03-04,279.400000,-0.003637,106494637
84398,78462F10,SPY,46699,2019-03-05,279.020000,-0.001360,59114559
84398,78462F10,SPY,46699,2019-03-06,277.330000,-0.006057,75039771
84398,78462F10,SPY,46699,2019-03-07,275.010000,-0.008365,94885089
84398,78462F10,SPY,46699,2019-03-08,274.460000,-0.002000,85795799
84398,78462F10,SPY,46699,2019-03-11,278.440000,0.014501,65098897
84398,78462F10,SPY,46699,2019-03-12,279.490000,0.003771,79667530
84398,78462F10,SPY,46699,2019-03-13,281.340000,0.006619,80639153
84398,78462F10,SPY,46699,2019-03-14,281.160000,-0.000640,67518366
84398,78462F10,SPY,46699,2019-03-15,281.310000,0.004919,81308979
84398,78462F10,SPY,46699,2019-03-18,282.330000,0.003626,62199806
84398,78462F10,SPY,46699,2019-03-19,282.400000,0.000248,90268121
84398,78462F10,SPY,46699,2019-03-20,281.550000,-0.003010,84609210
84398,78462F10,SPY,46699,2019-03-21,284.730000,0.011295,79550375
84398,78462F10,SPY,46699,2019-03-22,279.250000,-0.019246,122659286
84398,78462F10,SPY,46699,2019-03-25,279.040000,-0.000752,85575197
84398,78462F10,SPY,46699,2019-03-26,281.120000,0.007454,68125920
84398,78462F10,SPY,46699,2019-03-27,279.650000,-0.005229,72224722
84398,78462F10,SPY,46699,2019-03-28,280.710000,0.003790,56238545
84398,78462F10,SPY,46699,2019-03-29,282.480000,0.006305,82186806
84398,78462F10,SPY,46699,2019-04-01,285.830000,0.011859,77617945
84398,78462F10,SPY,46699,2019-04-02,285.970000,0.000490,40070351
84398,78462F10,SPY,46699,2019-04-03,286.420000,0.001574,68243202
84398,78462F10,SPY,46699,2019-04-04,287.180000,0.002653,48997505
84398,78462F10,SPY,46699,2019-04-05,288.570000,0.004840,58621729
84398,78462F10,SPY,46699,2019-04-08,288.790000,0.000762,53566335
84398,78462F10,SPY,46699,2019-04-09,287.310000,-0.005125,66142316
84398,78462F10,SPY,46699,2019-04-10,288.290000,0.003411,52601499
84398,78462F10,SPY,46699,2019-04-11,288.210000,-0.000277,55093100
84398,78462F10,SPY,46699,2019-04-12,290.160000,0.006766,69727782
84398,78462F10,SPY,46699,2019-04-15,289.970000,-0.000655,49596685
84398,78462F10,SPY,46699,2019-04-16,290.160000,0.000655,52153197
84398,78462F10,SPY,46699,2019-04-17,289.450000,-0.002447,58268295
84398,78462F10,SPY,46699,2019-04-18,290.020000,0.001969,68708513
84398,78462F10,SPY,46699,2019-04-22,290.270000,0.000862,40160140
84398,78462F10,SPY,46699,2019-04-23,292.880000,0.008992,52246633
84398,78462F10,SPY,46699,2019-04-24,292.230000,-0.002219,50392914
84398,78462F10,SPY,46699,2019-04-25,292.050000,-0.000616,57770862
84398,78462F10,SPY,46699,2019-04-26,293.410000,0.004657,50916423
84398,78462F10,SPY,46699,2019-04-29,293.870000,0.001568,57197747
84398,78462F10,SPY,46699,2019-04-30,294.020000,0.000510,81111733
84398,78462F10,SPY,46699,2019-05-01,291.810000,-0.007516,71671870
84398,78462F10,SPY,46699,2019-05-02,291.180000,-0.002159,65030170
84398,78462F10,SPY,46699,2019-05-03,294.030000,0.009788,56543653
84398,78462F10,SPY,46699,2019-05-06,292.820000,-0.004115,107198069
84398,78462F10,SPY,46699,2019-05-07,287.930000,-0.016700,144729908
84398,78462F10,SPY,46699,2019-05-08,287.530000,-0.001389,91568287
84398,78462F10,SPY,46699,2019-05-09,286.660000,-0.003026,103471104
84398,78462F10,SPY,46699,2019-05-10,288.100000,0.005023,112429293
84398,78462F10,SPY,46699,2019-05-13,280.860000,-0.025130,127290527
84398,78462F10,SPY,46699,2019-05-14,283.400000,0.009044,77003230
84398,78462F10,SPY,46699,2019-05-15,285.060000,0.005857,73956407
84398,78462F10,SPY,46699,2019-05-16,287.700000,0.009261,76749643
84398,78462F10,SPY,46699,2019-05-17,285.840000,-0.006465,100353024
84398,78462F10,SPY,46699,2019-05-20,283.950000,-0.006612,62877610
84398,78462F10,SPY,46699,2019-05-21,286.510000,0.009016,46847085
84398,78462F10,SPY,46699,2019-05-22,285.630000,-0.003071,49482472
84398,78462F10,SPY,46699,2019-05-23,282.140000,-0.012219,98733847
84398,78462F10,SPY,46699,2019-05-24,282.780000,0.002268,55268095
84398,78462F10,SPY,46699,2019-05-28,280.150000,-0.009301,70029356
84398,78462F10,SPY,46699,2019-05-29,278.270000,-0.006711,104972927
84398,78462F10,SPY,46699,2019-05-30,279.030000,0.002731,62523780
84398,78462F10,SPY,46699,2019-05-31,275.270000,-0.013475,86862782
84398,78462F10,SPY,46699,2019-06-03,274.570000,-0.002543,96427952
84398,78462F10,SPY,46699,2019-06-04,280.530000,0.021707,77231889
84398,78462F10,SPY,46699,2019-06-05,282.960000,0.008662,71169717
84398,78462F10,SPY,46699,2019-06-06,284.800000,0.006503,69430381
84398,78462F10,SPY,46699,2019-06-07,287.650000,0.010007,74272199
84398,78462F10,SPY,46699,2019-06-10,288.970000,0.004589,60799053
84398,78462F10,SPY,46699,2019-06-11,288.900000,-0.000242,58641325
84398,78462F10,SPY,46699,2019-06-12,288.390000,-0.001765,47096312
84398,78462F10,SPY,46699,2019-06-13,289.580000,0.004126,48945156
84398,78462F10,SPY,46699,2019-06-14,289.260000,-0.001105,52324716
84398,78462F10,SPY,46699,2019-06-17,289.370000,0.000380,39205709
84398,78462F10,SPY,46699,2019-06-18,292.400000,0.010471,85434823
84398,78462F10,SPY,46699,2019-06-19,293.060000,0.002257,78674377
84398,78462F10,SPY,46699,2019-06-20,295.860000,0.009554,116570017
84398,78462F10,SPY,46699,2019-06-21,294.000000,-0.001448,83309466
84398,78462F10,SPY,46699,2019-06-24,293.640000,-0.001224,47582730
84398,78462F10,SPY,46699,2019-06-25,290.760000,-0.009808,82028656
84398,78462F10,SPY,46699,2019-06-26,290.470000,-0.000997,51584902
84398,78462F10,SPY,46699,2019-06-27,291.500000,0.003546,40355239
84398,78462F10,SPY,46699,2019-06-28,293.000000,0.005146,59350929
84398,78462F10,SPY,46699,2019-07-01,295.660000,0.009078,79107474
84398,78462F10,SPY,46699,2019-07-02,296.430000,0.002604,61504544
84398,78462F10,SPY,46699,2019-07-03,298.800000,0.007995,40898896
84398,78462F10,SPY,46699,2019-07-05,298.460000,-0.001138,51677326
84398,78462F10,SPY,46699,2019-07-08,296.820000,-0.005495,45841772
84398,78462F10,SPY,46699,2019-07-09,297.190000,0.001247,41101279
84398,78462F10,SPY,46699,2019-07-10,298.610000,0.004778,58595558
84398,78462F10,SPY,46699,2019-07-11,299.310000,0.002344,50889481
84398,78462F10,SPY,46699,2019-07-12,300.650000,0.004477,40354410
84398,78462F10,SPY,46699,2019-07-15,300.750000,0.000333,33910261
84398,78462F10,SPY,46699,2019-07-16,299.710000,-0.003458,40567964
84398,78462F10,SPY,46699,2019-07-17,297.740000,-0.006573,44102443
84398,78462F10,SPY,46699,2019-07-18,298.830000,0.003661,51701687
84398,78462F10,SPY,46699,2019-07-19,297.170000,-0.005555,71081238
84398,78462F10,SPY,46699,2019-07-22,297.900000,0.002457,43687404
84398,78462F10,SPY,46699,2019-07-23,300.030000,0.007150,44657973
84398,78462F10,SPY,46699,2019-07-24,301.440000,0.004700,47213232
84398,78462F10,SPY,46699,2019-07-25,300.000000,-0.004777,55394092
84398,78462F10,SPY,46699,2019-07-26,302.010000,0.006700,45084077
84398,78462F10,SPY,46699,2019-07-29,301.460000,-0.001821,38126462
84398,78462F10,SPY,46699,2019-07-30,300.720000,-0.002455,45849045
84398,78462F10,SPY,46699,2019-07-31,297.430000,-0.010940,104245162
84398,78462F10,SPY,46699,2019-08-01,294.840000,-0.008708,142646576
84398,78462F10,SPY,46699,2019-08-02,292.620000,-0.007530,116749695
84398,78462F10,SPY,46699,2019-08-05,283.820000,-0.030073,178745449
84398,78462F10,SPY,46699,2019-08-06,287.800000,0.014023,120711682
84398,78462F10,SPY,46699,2019-08-07,287.970000,0.000591,140572265
84398,78462F10,SPY,46699,2019-08-08,293.620000,0.019620,87713904
84398,78462F10,SPY,46699,2019-08-09,291.620000,-0.006812,93729958
84398,78462F10,SPY,46699,2019-08-12,288.070000,-0.012173,65527632
84398,78462F10,SPY,46699,2019-08-13,292.550000,0.015552,94792972
84398,78462F10,SPY,46699,2019-08-14,283.900000,-0.029568,135622053
84398,78462F10,SPY,46699,2019-08-15,284.650000,0.002642,101929845
84398,78462F10,SPY,46699,2019-08-16,288.850000,0.014755,85825286
84398,78462F10,SPY,46699,2019-08-19,292.330000,0.012048,53640153
84398,78462F10,SPY,46699,2019-08-20,290.090000,-0.007663,51652752
84398,78462F10,SPY,46699,2019-08-21,292.450000,0.008135,49723430
84398,78462F10,SPY,46699,2019-08-22,292.360000,-0.000308,51739292
84398,78462F10,SPY,46699,2019-08-23,284.850000,-0.025688,149318151
84398,78462F10,SPY,46699,2019-08-26,288.000000,0.011058,72620598
84398,78462F10,SPY,46699,2019-08-27,286.870000,-0.003924,68262998
84398,78462F10,SPY,46699,2019-08-28,288.890000,0.007042,59852324
84398,78462F10,SPY,46699,2019-08-29,292.580000,0.012773,57998913
84398,78462F10,SPY,46699,2019-08-30,292.450000,-0.000444,62961780
84398,78462F10,SPY,46699,2019-09-03,290.740000,-0.005847,69231875
84398,78462F10,SPY,46699,2019-09-04,294.040000,0.011350,47003957
84398,78462F10,SPY,46699,2019-09-05,297.820000,0.012855,83356779
84398,78462F10,SPY,46699,2019-09-06,298.050000,0.000772,49584290
84398,78462F10,SPY,46699,2019-09-09,298.200000,0.000503,51260290
84398,78462F10,SPY,46699,2019-09-10,298.130000,-0.000235,57947101
84398,78462F10,SPY,46699,2019-09-11,300.250000,0.007111,68821066
84398,78462F10,SPY,46699,2019-09-12,301.290000,0.003464,72908745
84398,78462F10,SPY,46699,2019-09-13,301.090000,-0.000664,62104838
84398,78462F10,SPY,46699,2019-09-16,300.160000,-0.003089,58191175
84398,78462F10,SPY,46699,2019-09-17,300.920000,0.002532,42904427
84398,78462F10,SPY,46699,2019-09-18,301.100000,0.000598,74192091
84398,78462F10,SPY,46699,2019-09-19,301.080000,-0.000066,78099215
84398,78462F10,SPY,46699,2019-09-20,298.280000,-0.004704,97455979
84398,78462F10,SPY,46699,2019-09-23,298.210000,-0.000235,47541321
84398,78462F10,SPY,46699,2019-09-24,295.870000,-0.007847,97367568
84398,78462F10,SPY,46699,2019-09-25,297.620000,0.005915,73434081
84398,78462F10,SPY,46699,2019-09-26,297.000000,-0.002083,58722357
84398,78462F10,SPY,46699,2019-09-27,295.400000,-0.005387,84781110
84398,78462F10,SPY,46699,2019-09-30,296.770000,0.004638,52562761
84398,78462F10,SPY,46699,2019-10-01,293.240000,-0.011895,89900420
84398,78462F10,SPY,46699,2019-10-02,288.060000,-0.017665,124523974
84398,78462F10,SPY,46699,2019-10-03,290.420000,0.008193,85906799
84398,78462F10,SPY,46699,2019-10-04,294.350000,0.013532,66700681
84398,78462F10,SPY,46699,2019-10-07,293.080000,-0.004315,60656561
84398,78462F10,SPY,46699,2019-10-08,288.530000,-0.015525,101575470
84398,78462F10,SPY,46699,2019-10-09,291.270000,0.009496,65707329
84398,78462F10,SPY,46699,2019-10-10,293.240000,0.006763,57255974
84398,78462F10,SPY,46699,2019-10-11,296.280000,0.010367,101228577
84398,78462F10,SPY,46699,2019-10-14,295.950000,-0.001114,40546668
84398,78462F10,SPY,46699,2019-10-15,298.880000,0.009900,47832356
84398,78462F10,SPY,46699,2019-10-16,298.400000,-0.001606,50563596
84398,78462F10,SPY,46699,2019-10-17,299.280000,0.002949,46784885
84398,78462F10,SPY,46699,2019-10-18,297.970000,-0.004377,64338028
84398,78462F10,SPY,46699,2019-10-21,299.990000,0.006779,39460901
84398,78462F10,SPY,46699,2019-10-22,299.010000,-0.003267,49126038
84398,78462F10,SPY,46699,2019-10-23,299.880000,0.002910,34991829
84398,78462F10,SPY,46699,2019-10-24,300.370000,0.001634,35857459
84398,78462F10,SPY,46699,2019-10-25,301.600000,0.004095,45205412
84398,78462F10,SPY,46699,2019-10-28,303.300000,0.005637,42146965
84398,78462F10,SPY,46699,2019-10-29,303.210000,-0.000297,44284921
84398,78462F10,SPY,46699,2019-10-30,304.140000,0.003067,49643928
84398,78462F10,SPY,46699,2019-10-31,303.330000,-0.002663,69053791
84398,78462F10,SPY,46699,2019-11-01,306.140000,0.009264,71141515
84398,78462F10,SPY,46699,2019-11-04,307.370000,0.004018,60606916
84398,78462F10,SPY,46699,2019-11-05,307.030000,-0.001106,42933219
84398,78462F10,SPY,46699,2019-11-06,307.100000,0.000228,46487108
84398,78462F10,SPY,46699,2019-11-07,308.180000,0.003517,54272274
84398,78462F10,SPY,46699,2019-11-08,308.940000,0.002466,49068797
84398,78462F10,SPY,46699,2019-11-11,308.350000,-0.001910,35934909
84398,78462F10,SPY,46699,2019-11-12,309.000000,0.002108,46484624
84398,78462F10,SPY,46699,2019-11-13,309.100000,0.000324,54459018
84398,78462F10,SPY,46699,2019-11-14,309.550000,0.001456,52001874
84398,78462F10,SPY,46699,2019-11-15,311.790000,0.007236,62706192
84398,78462F10,SPY,46699,2019-11-18,312.020000,0.000738,49327980
84398,78462F10,SPY,46699,2019-11-19,311.930000,-0.000288,67927818
84398,78462F10,SPY,46699,2019-11-20,310.770000,-0.003719,79696276
84398,78462F10,SPY,46699,2019-11-21,310.270000,-0.001609,54664690
84398,78462F10,SPY,46699,2019-11-22,310.960000,0.002224,44850228
84398,78462F10,SPY,46699,2019-11-25,313.370000,0.007750,48762676
84398,78462F10,SPY,46699,2019-11-26,314.080000,0.002266,37727953
84398,78462F10,SPY,46699,2019-11-27,315.480000,0.004457,44793179
84398,78462F10,SPY,46699,2019-11-29,314.310000,-0.003709,36592740
84398,78462F10,SPY,46699,2019-12-02,311.640000,-0.008495,76110027
84398,78462F10,SPY,46699,2019-12-03,309.550000,-0.006706,75172709
84398,78462F10,SPY,46699,2019-12-04,311.460000,0.006170,49190402
84398,78462F10,SPY,46699,2019-12-05,312.020000,0.001798,40781669
84398,78462F10,SPY,46699,2019-12-06,314.870000,0.009134,48956767
84398,78462F10,SPY,46699,2019-12-09,313.880000,-0.003144,34904315
84398,78462F10,SPY,46699,2019-12-10,313.530000,-0.001115,53107133
84398,78462F10,SPY,46699,2019-12-11,314.420000,0.002839,53521450
84398,78462F10,SPY,46699,2019-12-12,317.130000,0.008619,96585802
84398,78462F10,SPY,46699,2019-12-13,317.320000,0.000599,81546487
84398,78462F10,SPY,46699,2019-12-16,319.500000,0.006870,82836128
84398,78462F10,SPY,46699,2019-12-17,319.570000,0.000219,61131769
84398,78462F10,SPY,46699,2019-12-18,319.590000,0.000063,48199955
84398,78462F10,SPY,46699,2019-12-19,320.900000,0.004099,85388424
84398,78462F10,SPY,46699,2019-12-20,320.730000,0.004363,149338215
84398,78462F10,SPY,46699,2019-12-23,321.220000,0.001528,53015641
84398,78462F10,SPY,46699,2019-12-24,321.230000,0.000031,20270007
84398,78462F10,SPY,46699,2019-12-26,322.940000,0.005323,31024188
84398,78462F10,SPY,46699,2019-12-27,322.860000,-0.000248,42554820
84398,78462F10,SPY,46699,2019-12-30,321.080000,-0.005513,49782730
84398,78462F10,SPY,46699,2019-12-31,321.860000,0.002429,57106998
84398,78462F10,SPY,46699,2020-01-02,324.870000,0.009352,59253833
84398,78462F10,SPY,46699,2020-01-03,322.410000,-0.007572,77783121
84398,78462F10,SPY,46699,2020-01-06,323.640000,0.003815,55761948
84398,78462F10,SPY,46699,2020-01-07,322.730000,-0.002812,42854811
84398,78462F10,SPY,46699,2020-01-08,324.450000,0.005330,68434153
84398,78462F10,SPY,46699,2020-01-09,326.650000,0.006781,48569601
84398,78462F10,SPY,46699,2020-01-10,325.710000,-0.002878,53057389
84398,78462F10,SPY,46699,2020-01-13,327.950000,0.006877,47262010
84398,78462F10,SPY,46699,2020-01-14,327.450000,-0.001525,63036384
84398,78462F10,SPY,46699,2020-01-15,328.190000,0.002260,72056598
84398,78462F10,SPY,46699,2020-01-16,330.920000,0.008318,54050328
84398,78462F10,SPY,46699,2020-01-17,331.950000,0.003113,95846017
84398,78462F10,SPY,46699,2020-01-21,331.300000,-0.001958,77742415
84398,78462F10,SPY,46699,2020-01-22,331.340000,0.000121,48914899
84398,78462F10,SPY,46699,2020-01-23,331.720000,0.001147,51962994
84398,78462F10,SPY,46699,2020-01-24,328.770000,-0.008893,87578442
84398,78462F10,SPY,46699,2020-01-27,323.500000,-0.016029,84062463
84398,78462F10,SPY,46699,2020-01-28,326.890000,0.010479,63833953
84398,78462F10,SPY,46699,2020-01-29,326.620000,-0.000826,54040889
84398,78462F10,SPY,46699,2020-01-30,327.680000,0.003245,75491844
84398,78462F10,SPY,46699,2020-01-31,321.730000,-0.018158,113845576
84398,78462F10,SPY,46699,2020-02-03,324.120000,0.007429,69242293
84398,78462F10,SPY,46699,2020-02-04,329.060000,0.015241,62573190
84398,78462F10,SPY,46699,2020-02-05,332.860000,0.011548,65951146
84398,78462F10,SPY,46699,2020-02-06,333.980000,0.003365,50359688
84398,78462F10,SPY,46699,2020-02-07,332.200000,-0.005330,64139443
84398,78462F10,SPY,46699,2020-02-10,334.680000,0.007465,42070006
84398,78462F10,SPY,46699,2020-02-11,335.260000,0.001733,54864533
84398,78462F10,SPY,46699,2020-02-12,337.420000,0.006443,43992662
84398,78462F10,SPY,46699,2020-02-13,337.060000,-0.001067,54501922
84398,78462F10,SPY,46699,2020-02-14,337.600000,0.001602,64582210
84398,78462F10,SPY,46699,2020-02-18,336.730000,-0.002577,57342526
84398,78462F10,SPY,46699,2020-02-19,338.340000,0.004781,48814692
84398,78462F10,SPY,46699,2020-02-20,336.950000,-0.004108,74163362
84398,78462F10,SPY,46699,2020-02-21,333.480000,-0.010298,113788208
84398,78462F10,SPY,46699,2020-02-24,322.420000,-0.033165,161088409
84398,78462F10,SPY,46699,2020-02-25,312.650000,-0.030302,218913168
84398,78462F10,SPY,46699,2020-02-26,311.500000,-0.003678,194773819
84398,78462F10,SPY,46699,2020-02-27,297.510000,-0.044912,284353459
84398,78462F10,SPY,46699,2020-02-28,296.260000,-0.004202,385764020
84398,78462F10,SPY,46699,2020-03-02,309.090000,0.043307,238703625
84398,78462F10,SPY,46699,2020-03-03,300.240000,-0.028632,300139149
84398,78462F10,SPY,46699,2020-03-04,312.860000,0.042033,176613448
84398,78462F10,SPY,46699,2020-03-05,302.460000,-0.033242,186366809
84398,78462F10,SPY,46699,2020-03-06,297.460000,-0.016531,228667168
84398,78462F10,SPY,46699,2020-03-09,274.230000,-0.078095,309417349
84398,78462F10,SPY,46699,2020-03-10,288.420000,0.051745,276444058
84398,78462F10,SPY,46699,2020-03-11,274.360000,-0.048748,256416563
84398,78462F10,SPY,46699,2020-03-12,248.110000,-0.095677,392220669
84398,78462F10,SPY,46699,2020-03-13,269.320000,0.085486,329566100
84398,78462F10,SPY,46699,2020-03-16,239.850000,-0.109424,297240027
84398,78462F10,SPY,46699,2020-03-17,252.800000,0.053992,262070471
84398,78462F10,SPY,46699,2020-03-18,240.000000,-0.050633,327597131
84398,78462F10,SPY,46699,2020-03-19,240.510000,0.002125,289322037
84398,78462F10,SPY,46699,2020-03-20,228.800000,-0.042844,347158794
84398,78462F10,SPY,46699,2020-03-23,222.950000,-0.025568,326025169
84398,78462F10,SPY,46699,2020-03-24,243.150000,0.090603,235494475
84398,78462F10,SPY,46699,2020-03-25,246.790000,0.014970,299430255
84398,78462F10,SPY,46699,2020-03-26,261.200000,0.058390,257632816
84398,78462F10,SPY,46699,2020-03-27,253.420000,-0.029786,224341217
84398,78462F10,SPY,46699,2020-03-30,261.650000,0.032476,170961866
84398,78462F10,SPY,46699,2020-03-31,257.750000,-0.014905,194881060
84398,78462F10,SPY,46699,2020-04-01,246.150000,-0.045005,189554623
84398,78462F10,SPY,46699,2020-04-02,251.830000,0.023075,177660430
84398,78462F10,SPY,46699,2020-04-03,248.190000,-0.014454,135561171
84398,78462F10,SPY,46699,2020-04-06,264.860000,0.067166,188061238
84398,78462F10,SPY,46699,2020-04-07,265.130000,0.001019,201427189
84398,78462F10,SPY,46699,2020-04-08,274.030000,0.033568,153774487
84398,78462F10,SPY,46699,2020-04-09,278.200000,0.015217,190282705
84398,78462F10,SPY,46699,2020-04-13,275.660000,-0.009130,114839053
84398,78462F10,SPY,46699,2020-04-14,283.790000,0.029493,134143350
84398,78462F10,SPY,46699,2020-04-15,277.760000,-0.021248,121775006
84398,78462F10,SPY,46699,2020-04-16,279.100000,0.004824,131798325
84398,78462F10,SPY,46699,2020-04-17,286.640000,0.027015,146684784
84398,78462F10,SPY,46699,2020-04-20,281.590000,-0.017618,100109285
84398,78462F10,SPY,46699,2020-04-21,273.040000,-0.030363,126385698
84398,78462F10,SPY,46699,2020-04-22,279.100000,0.022195,93524584
84398,78462F10,SPY,46699,2020-04-23,279.080000,-0.000072,104709693
84398,78462F10,SPY,46699,2020-04-24,282.970000,0.013939,85165953
84398,78462F10,SPY,46699,2020-04-27,287.050000,0.014418,77896608
84398,78462F10,SPY,46699,2020-04-28,285.730000,-0.004599,105269985
84398,78462F10,SPY,46699,2020-04-29,293.210000,0.026179,118745579
84398,78462F10,SPY,46699,2020-04-30,290.480000,-0.009311,122901701
84398,78462F10,SPY,46699,2020-05-01,282.790000,-0.026473,125180028
84398,78462F10,SPY,46699,2020-05-04,283.570000,0.002758,80873213
84398,78462F10,SPY,46699,2020-05-05,286.190000,0.009239,79569938
84398,78462F10,SPY,46699,2020-05-06,284.250000,-0.006779,73632628
84398,78462F10,SPY,46699,2020-05-07,287.680000,0.012067,75250412
84398,78462F10,SPY,46699,2020-05-08,292.440000,0.016546,76622128
84398,78462F10,SPY,46699,2020-05-11,292.500000,0.000205,79514231
84398,78462F10,SPY,46699,2020-05-12,286.670000,-0.019932,95870786
84398,78462F10,SPY,46699,2020-05-13,281.600000,-0.017686,144721099
84398,78462F10,SPY,46699,2020-05-14,284.970000,0.011967,121977890
84398,78462F10,SPY,46699,2020-05-15,286.280000,0.004597,111146276
84398,78462F10,SPY,46699,2020-05-18,295.000000,0.030460,120320229
84398,78462F10,SPY,46699,2020-05-19,291.970000,-0.010271,95189316
84398,78462F10,SPY,46699,2020-05-20,296.930000,0.016988,85861691
84398,78462F10,SPY,46699,2020-05-21,294.880000,-0.006904,78293925
84398,78462F10,SPY,46699,2020-05-22,295.440000,0.001899,63958200
84398,78462F10,SPY,46699,2020-05-26,299.080000,0.012321,88951442
84398,78462F10,SPY,46699,2020-05-27,303.530000,0.014879,104817449
84398,78462F10,SPY,46699,2020-05-28,302.970000,-0.001845,90767807
84398,78462F10,SPY,46699,2020-05-29,304.320000,0.004456,119265702
84398,78462F10,SPY,46699,2020-06-01,305.550000,0.004042,56779836
84398,78462F10,SPY,46699,2020-06-02,308.080000,0.008280,74267162
84398,78462F10,SPY,46699,2020-06-03,312.180000,0.013308,92567574
84398,78462F10,SPY,46699,2020-06-04,311.360000,-0.002627,75794363
84398,78462F10,SPY,46699,2020-06-05,319.340000,0.025629,150524674
84398,78462F10,SPY,46699,2020-06-08,323.200000,0.012087,73641217
84398,78462F10,SPY,46699,2020-06-09,320.790000,-0.007457,77479228
84398,78462F10,SPY,46699,2020-06-10,319.000000,-0.005580,95000766
84398,78462F10,SPY,46699,2020-06-11,300.610000,-0.057649,209243560
84398,78462F10,SPY,46699,2020-06-12,304.210000,0.011976,194678879
84398,78462F10,SPY,46699,2020-06-15,307.050000,0.009336,135782724
84398,78462F10,SPY,46699,2020-06-16,312.960000,0.019248,137627502
84398,78462F10,SPY,46699,2020-06-17,311.660000,-0.004154,83398944
84398,78462F10,SPY,46699,2020-06-18,311.780000,0.000385,80828658
84398,78462F10,SPY,46699,2020-06-19,308.640000,-0.005689,135549624
84398,78462F10,SPY,46699,2020-06-22,310.620000,0.006415,74649389
84398,78462F10,SPY,46699,2020-06-23,312.050000,0.004604,68471246
84398,78462F10,SPY,46699,2020-06-24,304.090000,-0.025509,132813492
84398,78462F10,SPY,46699,2020-06-25,307.350000,0.010721,89467968
84398,78462F10,SPY,46699,2020-06-26,300.050000,-0.023751,127961017
84398,78462F10,SPY,46699,2020-06-29,304.460000,0.014698,79773260
84398,78462F10,SPY,46699,2020-06-30,308.360000,0.012810,113394772
84398,78462F10,SPY,46699,2020-07-01,310.520000,0.007005,72396542
84398,78462F10,SPY,46699,2020-07-02,312.230000,0.005507,69344217
84398,78462F10,SPY,46699,2020-07-06,317.050000,0.015437,61713828
84398,78462F10,SPY,46699,2020-07-07,313.780000,-0.010314,82909963
84398,78462F10,SPY,46699,2020-07-08,316.180000,0.007649,54638596
84398,78462F10,SPY,46699,2020-07-09,314.380000,-0.005693,83354158
84398,78462F10,SPY,46699,2020-07-10,317.590000,0.010211,57550365
84398,78462F10,SPY,46699,2020-07-13,314.840000,-0.008659,102997484
84398,78462F10,SPY,46699,2020-07-14,318.920000,0.012959,93656951
84398,78462F10,SPY,46699,2020-07-15,321.850000,0.009187,87196524
84398,78462F10,SPY,46699,2020-07-16,320.790000,-0.003293,54622520
84398,78462F10,SPY,46699,2020-07-17,321.720000,0.002899,62774911
84398,78462F10,SPY,46699,2020-07-20,324.320000,0.008082,56308849
84398,78462F10,SPY,46699,2020-07-21,325.010000,0.002128,57498967
84398,78462F10,SPY,46699,2020-07-22,326.860000,0.005692,57792915
84398,78462F10,SPY,46699,2020-07-23,322.960000,-0.011932,75737989
84398,78462F10,SPY,46699,2020-07-24,320.880000,-0.006440,73766597
84398,78462F10,SPY,46699,2020-07-27,323.220000,0.007292,48292970
84398,78462F10,SPY,46699,2020-07-28,321.170000,-0.006342,57494979
84398,78462F10,SPY,46699,2020-07-29,325.120000,0.012299,48454159
84398,78462F10,SPY,46699,2020-07-30,323.960000,-0.003568,61861714
84398,78462F10,SPY,46699,2020-07-31,326.520000,0.007902,85210755
84398,78462F10,SPY,46699,2020-08-03,328.790000,0.006952,53077948
84398,78462F10,SPY,46699,2020-08-04,330.060000,0.003863,41917893
84398,78462F10,SPY,46699,2020-08-05,332.110000,0.006211,42866354
84398,78462F10,SPY,46699,2020-08-06,334.330000,0.006685,43679447
84398,78462F10,SPY,46699,2020-08-07,334.570000,0.000718,57308270
84398,78462F10,SPY,46699,2020-08-10,335.570000,0.002989,44282089
84398,78462F10,SPY,46699,2020-08-11,332.800000,-0.008255,69601087
84398,78462F10,SPY,46699,2020-08-12,337.440000,0.013942,53826128
84398,78462F10,SPY,46699,2020-08-13,336.830000,-0.001808,41816146
84398,78462F10,SPY,46699,2020-08-14,336.840000,0.000030,47260390
84398,78462F10,SPY,46699,2020-08-17,337.910000,0.003177,35480974
84398,78462F10,SPY,46699,2020-08-18,338.640000,0.002160,38733908
84398,78462F10,SPY,46699,2020-08-19,337.230000,-0.004164,68054244
84398,78462F10,SPY,46699,2020-08-20,338.280000,0.003114,42207826
84398,78462F10,SPY,46699,2020-08-21,339.480000,0.003547,55106628
84398,78462F10,SPY,46699,2020-08-24,342.920000,0.010133,48588662
84398,78462F10,SPY,46699,2020-08-25,344.120000,0.003499,38463381
84398,78462F10,SPY,46699,2020-08-26,347.570000,0.010026,50790237
84398,78462F10,SPY,46699,2020-08-27,348.330000,0.002187,58034142
84398,78462F10,SPY,46699,2020-08-28,350.580000,0.006459,48588940
84398,78462F10,SPY,46699,2020-08-31,349.310000,-0.003623,66099183
84398,78462F10,SPY,46699,2020-09-01,352.600000,0.009419,54999325
84398,78462F10,SPY,46699,2020-09-02,357.700000,0.014464,69540035
84398,78462F10,SPY,46699,2020-09-03,345.390000,-0.034414,148011129
84398,78462F10,SPY,46699,2020-09-04,342.570000,-0.008165,139156281
84398,78462F10,SPY,46699,2020-09-08,333.210000,-0.027323,114465322
84398,78462F10,SPY,46699,2020-09-09,339.790000,0.019747,91462290
84398,78462F10,SPY,46699,2020-09-10,333.890000,-0.017364,90569548
84398,78462F10,SPY,46699,2020-09-11,334.060000,0.000509,84680194
84398,78462F10,SPY,46699,2020-09-14,338.460000,0.013171,65605686
84398,78462F10,SPY,46699,2020-09-15,340.170000,0.005052,52920862
84398,78462F10,SPY,46699,2020-09-16,338.820000,-0.003969,82211256
84398,78462F10,SPY,46699,2020-09-17,335.840000,-0.008795,91523339
84398,78462F10,SPY,46699,2020-09-18,330.650000,-0.011466,105877942
84398,78462F10,SPY,46699,2020-09-21,326.970000,-0.011130,99450829
84398,78462F10,SPY,46699,2020-09-22,330.300000,0.010184,63612107
84398,78462F10,SPY,46699,2020-09-23,322.640000,-0.023191,93112240
84398,78462F10,SPY,46699,2020-09-24,323.500000,0.002666,76681332
84398,78462F10,SPY,46699,2020-09-25,328.730000,0.016167,71069426
84398,78462F10,SPY,46699,2020-09-28,334.190000,0.016609,64584614
84398,78462F10,SPY,46699,2020-09-29,332.370000,-0.005446,51531594
84398,78462F10,SPY,46699,2020-09-30,334.890000,0.007582,104081136
84398,78462F10,SPY,46699,2020-10-01,337.040000,0.006420,88698745
84398,78462F10,SPY,46699,2020-10-02,333.840000,-0.009494,89431112
84398,78462F10,SPY,46699,2020-10-05,339.760000,0.017733,45713108
84398,78462F10,SPY,46699,2020-10-06,334.930000,-0.014216,90128883
84398,78462F10,SPY,46699,2020-10-07,340.760000,0.017407,56999597
84398,78462F10,SPY,46699,2020-10-08,343.780000,0.008863,45242476
84398,78462F10,SPY,46699,2020-10-09,346.850000,0.008930,59528606
84398,78462F10,SPY,46699,2020-10-12,352.430000,0.016088,80388533
84398,78462F10,SPY,46699,2020-10-13,350.130000,-0.006526,73255513
84398,78462F10,SPY,46699,2020-10-14,347.930000,-0.006283,57958749
84398,78462F10,SPY,46699,2020-10-15,347.500000,-0.001236,60357659
84398,78462F10,SPY,46699,2020-10-16,347.290000,-0.000604,89501868
84398,78462F10,SPY,46699,2020-10-19,342.010000,-0.015203,68425614
84398,78462F10,SPY,46699,2020-10-20,343.380000,0.004006,60051880
84398,78462F10,SPY,46699,2020-10-21,342.730000,-0.001893,63574979
84398,78462F10,SPY,46699,2020-10-22,344.610000,0.005485,55399292
84398,78462F10,SPY,46699,2020-10-23,345.780000,0.003395,49143931
84398,78462F10,SPY,46699,2020-10-26,339.390000,-0.018480,91473002
84398,78462F10,SPY,46699,2020-10-27,338.220000,-0.003447,65994108
84398,78462F10,SPY,46699,2020-10-28,326.660000,-0.034179,127094307
84398,78462F10,SPY,46699,2020-10-29,329.980000,0.010163,90597689
84398,78462F10,SPY,46699,2020-10-30,326.540000,-0.010425,120448685
84398,78462F10,SPY,46699,2020-11-02,330.200000,0.011208,86068299
84398,78462F10,SPY,46699,2020-11-03,336.030000,0.017656,93294192
84398,78462F10,SPY,46699,2020-11-04,343.540000,0.022349,126959700
84398,78462F10,SPY,46699,2020-11-05,350.240000,0.019503,82039749
84398,78462F10,SPY,46699,2020-11-06,350.160000,-0.000228,74972973
84398,78462F10,SPY,46699,2020-11-09,354.560000,0.012566,172304203
84398,78462F10,SPY,46699,2020-11-10,354.040000,-0.001467,85552022
84398,78462F10,SPY,46699,2020-11-11,356.670000,0.007429,58649048
84398,78462F10,SPY,46699,2020-11-12,353.210000,-0.009701,68118563
84398,78462F10,SPY,46699,2020-11-13,358.100000,0.013844,62959429
84398,78462F10,SPY,46699,2020-11-16,362.570000,0.012483,74541138
84398,78462F10,SPY,46699,2020-11-17,360.620000,-0.005378,66111009
84398,78462F10,SPY,46699,2020-11-18,356.280000,-0.012035,70591299
84398,78462F10,SPY,46699,2020-11-19,357.780000,0.004210,59940947
84398,78462F10,SPY,46699,2020-11-20,355.330000,-0.006848,70411890
84398,78462F10,SPY,46699,2020-11-23,357.460000,0.005994,63230608
84398,78462F10,SPY,46699,2020-11-24,363.220000,0.016114,62415877
84398,78462F10,SPY,46699,2020-11-25,362.660000,-0.001542,45330890
84398,78462F10,SPY,46699,2020-11-27,363.670000,0.002785,28514072
84398,78462F10,SPY,46699,2020-11-30,362.060000,-0.004427,83872709
84398,78462F10,SPY,46699,2020-12-01,366.020000,0.010937,74504969
84398,78462F10,SPY,46699,2020-12-02,366.790000,0.002104,45927000
84398,78462F10,SPY,46699,2020-12-03,366.690000,-0.000273,62881998
84398,78462F10,SPY,46699,2020-12-04,369.850000,0.008618,50749859
84398,78462F10,SPY,46699,2020-12-07,369.090000,-0.002055,48944269
84398,78462F10,SPY,46699,2020-12-08,370.170000,0.002926,42458859
84398,78462F10,SPY,46699,2020-12-09,366.850000,-0.008969,74098312
84398,78462F10,SPY,46699,2020-12-10,366.730000,-0.000327,57735353
84398,78462F10,SPY,46699,2020-12-11,366.300000,-0.001173,57698614
84398,78462F10,SPY,46699,2020-12-14,364.660000,-0.004477,69216174
84398,78462F10,SPY,46699,2020-12-15,369.590000,0.013519,64071099
84398,78462F10,SPY,46699,2020-12-16,370.170000,0.001569,58420517
84398,78462F10,SPY,46699,2020-12-17,372.240000,0.005592,64119472
84398,78462F10,SPY,46699,2020-12-18,369.180000,-0.003976,136542328
84398,78462F10,SPY,46699,2020-12-21,367.860000,-0.003575,96386745
84398,78462F10,SPY,46699,2020-12-22,367.240000,-0.001685,48388462
84398,78462F10,SPY,46699,2020-12-23,367.570000,0.000899,46201402
84398,78462F10,SPY,46699,2020-12-24,369.000000,0.003890,26457853
84398,78462F10,SPY,46699,2020-12-28,372.170000,0.008591,39000402
84398,78462F10,SPY,46699,2020-12-29,371.460000,-0.001908,53680451
84398,78462F10,SPY,46699,2020-12-30,371.990000,0.001427,49455259
84398,78462F10,SPY,46699,2020-12-31,373.880000,0.005081,78520702
84398,78462F10,SPY,46699,2021-01-04,368.790000,-0.013614,110210810
84398,78462F10,SPY,46699,2021-01-05,371.330000,0.006887,66426229
84398,78462F10,SPY,46699,2021-01-06,373.550000,0.005979,107997675
84398,78462F10,SPY,46699,2021-01-07,379.100000,0.014857,68766812
84398,78462F10,SPY,46699,2021-01-08,381.260000,0.005698,71677208
84398,78462F10,SPY,46699,2021-01-11,378.690000,-0.006741,51176719
84398,78462F10,SPY,46699,2021-01-12,378.770000,0.000211,52547716
84398,78462F10,SPY,46699,2021-01-13,379.790000,0.002693,45303619
84398,78462F10,SPY,46699,2021-01-14,378.460000,-0.003502,49989113
84398,78462F10,SPY,46699,2021-01-15,375.700000,-0.007293,107159962
84398,78462F10,SPY,46699,2021-01-19,378.650000,0.007852,51233300
84398,78462F10,SPY,46699,2021-01-20,383.890000,0.013839,61836062
84398,78462F10,SPY,46699,2021-01-21,384.240000,0.000912,47955809
84398,78462F10,SPY,46699,2021-01-22,382.880000,-0.003539,52136931
84398,78462F10,SPY,46699,2021-01-25,384.390000,0.003944,70401971
84398,78462F10,SPY,46699,2021-01-26,383.790000,-0.001561,42665281
84398,78462F10,SPY,46699,2021-01-27,374.410000,-0.024440,123351078
84398,78462F10,SPY,46699,2021-01-28,377.630000,0.008600,94198104
84398,78462F10,SPY,46699,2021-01-29,370.070000,-0.020020,126765121
84398,78462F10,SPY,46699,2021-02-01,376.230000,0.016645,75817597
84398,78462F10,SPY,46699,2021-02-02,381.550000,0.014140,64450662
84398,78462F10,SPY,46699,2021-02-03,381.850000,0.000786,52427090
84398,78462F10,SPY,46699,2021-02-04,386.190000,0.011366,47142555
84398,78462F10,SPY,46699,2021-02-05,387.710000,0.003936,48669773
84398,78462F10,SPY,46699,2021-02-08,390.510000,0.007222,38365185
84398,78462F10,SPY,46699,2021-02-09,390.250000,-0.000666,35551059
84398,78462F10,SPY,46699,2021-02-10,390.080000,-0.000436,59154370
84398,78462F10,SPY,46699,2021-02-11,390.710000,0.001615,42913288
84398,78462F10,SPY,46699,2021-02-12,392.640000,0.004940,50593270
84398,78462F10,SPY,46699,2021-02-16,392.300000,-0.000866,50972366
84398,78462F10,SPY,46699,2021-02-17,392.390000,0.000229,52806681
84398,78462F10,SPY,46699,2021-02-18,390.720000,-0.004256,59712773
84398,78462F10,SPY,46699,2021-02-19,390.030000,-0.001766,83240971
84398,78462F10,SPY,46699,2021-02-22,387.030000,-0.007692,67414170
84398,78462F10,SPY,46699,2021-02-23,387.500000,0.001214,107284127
84398,78462F10,SPY,46699,2021-02-24,391.770000,0.011019,72433946
84398,78462F10,SPY,46699,2021-02-25,382.330000,-0.024096,146670499
84398,78462F10,SPY,46699,2021-02-26,380.360000,-0.005153,152701639
84398,78462F10,SPY,46699,2021-03-01,389.580000,0.024240,105348798
84398,78462F10,SPY,46699,2021-03-02,386.540000,-0.007803,79595332
84398,78462F10,SPY,46699,2021-03-03,381.420000,-0.013246,119940211
84398,78462F10,SPY,46699,2021-03-04,376.700000,-0.012375,183433020
84398,78462F10,SPY,46699,2021-03-05,383.630000,0.018397,152039624
84398,78462F10,SPY,46699,2021-03-08,381.720000,-0.004979,123149245
84398,78462F10,SPY,46699,2021-03-09,387.170000,0.014277,113633556
84398,78462F10,SPY,46699,2021-03-10,389.580000,0.006225,109899410
84398,78462F10,SPY,46699,2021-03-11,393.530000,0.010139,86245040
84398,78462F10,SPY,46699,2021-03-12,394.060000,0.001347,64653565
84398,78462F10,SPY,46699,2021-03-15,396.410000,0.005964,73592302
84398,78462F10,SPY,46699,2021-03-16,395.910000,-0.001261,73722506
84398,78462F10,SPY,46699,2021-03-17,397.260000,0.003410,97959265
84398,78462F10,SPY,46699,2021-03-18,391.480000,-0.014550,115349101
84398,78462F10,SPY,46699,2021-03-19,389.480000,-0.001845,113624490
84398,78462F10,SPY,46699,2021-03-22,392.590000,0.007985,73778646
84398,78462F10,SPY,46699,2021-03-23,389.500000,-0.007871,90686552
84398,78462F10,SPY,46699,2021-03-24,387.520000,-0.005083,97588644
84398,78462F10,SPY,46699,2021-03-25,389.700000,0.005626,116128622
84398,78462F10,SPY,46699,2021-03-26,395.980000,0.016115,114409114
84398,78462F10,SPY,46699,2021-03-29,395.780000,-0.000505,108107626
84398,78462F10,SPY,46699,2021-03-30,394.730000,-0.002653,76262249
84398,78462F10,SPY,46699,2021-03-31,396.330000,0.004053,112734214
84398,78462F10,SPY,46699,2021-04-01,400.610000,0.010799,99682876
84398,78462F10,SPY,46699,2021-04-05,406.360000,0.014353,91684764
84398,78462F10,SPY,46699,2021-04-06,406.120000,-0.000591,62020953
84398,78462F10,SPY,46699,2021-04-07,406.590000,0.001157,55836280
84398,78462F10,SPY,46699,2021-04-08,408.520000,0.004747,57863114
84398,78462F10,SPY,46699,2021-04-09,411.490000,0.007270,61104559
84398,78462F10,SPY,46699,2021-04-12,411.640000,0.000365,56704899
84398,78462F10,SPY,46699,2021-04-13,412.860000,0.002964,56550988
84398,78462F10,SPY,46699,2021-04-14,411.450000,-0.003415,61659907
84398,78462F10,SPY,46699,2021-04-15,415.870000,0.010742,60229842
84398,78462F10,SPY,46699,2021-04-16,417.260000,0.003342,82037278
84398,78462F10,SPY,46699,2021-04-19,415.210000,-0.004913,78498496
84398,78462F10,SPY,46699,2021-04-20,412.170000,-0.007322,81851828
84398,78462F10,SPY,46699,2021-04-21,416.070000,0.009462,66792983
84398,78462F10,SPY,46699,2021-04-22,412.270000,-0.009133,97582788
84398,78462F10,SPY,46699,2021-04-23,416.740000,0.010842,73276195
84398,78462F10,SPY,46699,2021-04-26,417.610000,0.002088,52182392
84398,78462F10,SPY,46699,2021-04-27,417.520000,-0.000216,51303056
84398,78462F10,SPY,46699,2021-04-28,417.400000,-0.000287,51238854
84398,78462F10,SPY,46699,2021-04-29,420.060000,0.006373,78544329
84398,78462F10,SPY,46699,2021-04-30,417.300000,-0.006570,85527030
84398,78462F10,SPY,46699,2021-05-03,418.200000,0.002157,68128289
84398,78462F10,SPY,46699,2021-05-04,415.620000,-0.006169,101591166
84398,78462F10,SPY,46699,2021-05-05,415.750000,0.000313,60284660
84398,78462F10,SPY,46699,2021-05-06,419.070000,0.007986,74321368
84398,78462F10,SPY,46699,2021-05-07,422.120000,0.007278,67733790
84398,78462F10,SPY,46699,2021-05-10,417.940000,-0.009902,81852446
84398,78462F10,SPY,46699,2021-05-11,414.210000,-0.008925,116887975
84398,78462F10,SPY,46699,2021-05-12,405.410000,-0.021245,134811046
84398,78462F10,SPY,46699,2021-05-13,410.280000,0.012013,106393963
84398,78462F10,SPY,46699,2021-05-14,416.580000,0.015355,82201629
84398,78462F10,SPY,46699,2021-05-17,415.520000,-0.002545,65129221
84398,78462F10,SPY,46699,2021-05-18,411.940000,-0.008616,59810238
84398,78462F10,SPY,46699,2021-05-19,410.860000,-0.002622,106467052
84398,78462F10,SPY,46699,2021-05-20,415.280000,0.010758,78022218
84398,78462F10,SPY,46699,2021-05-21,414.940000,-0.000819,76578662
84398,78462F10,SPY,46699,2021-05-24,419.170000,0.010194,51376702
84398,78462F10,SPY,46699,2021-05-25,418.240000,-0.002219,57451396
84398,78462F10,SPY,46699,2021-05-26,419.070000,0.001985,43088618
84398,78462F10,SPY,46699,2021-05-27,419.290000,0.000525,56707677
84398,78462F10,SPY,46699,2021-05-28,420.040000,0.001789,58520164
84398,78462F10,SPY,46699,2021-06-01,419.670000,-0.000881,54216625
84398,78462F10,SPY,46699,2021-06-02,420.330000,0.001573,49097061
84398,78462F10,SPY,46699,2021-06-03,418.770000,-0.003711,58138763
84398,78462F10,SPY,46699,2021-06-04,422.600000,0.009146,55938789
84398,78462F10,SPY,46699,2021-06-07,422.190000,-0.000970,51555032
84398,78462F10,SPY,46699,2021-06-08,422.280000,0.000213,47134279
84398,78462F10,SPY,46699,2021-06-09,421.650000,-0.001492,48436342
84398,78462F10,SPY,46699,2021-06-10,423.610000,0.004648,51020147
84398,78462F10,SPY,46699,2021-06-11,424.310000,0.001652,45570828
84398,78462F10,SPY,46699,2021-06-14,425.260000,0.002239,42358478
84398,78462F10,SPY,46699,2021-06-15,424.480000,-0.001834,51508508
84398,78462F10,SPY,46699,2021-06-16,422.110000,-0.005583,80386082
84398,78462F10,SPY,46699,2021-06-17,421.970000,-0.000332,90949659
84398,78462F10,SPY,46699,2021-06-18,414.920000,-0.013447,118676302
84398,78462F10,SPY,46699,2021-06-21,420.860000,0.014316,72822028
84398,78462F10,SPY,46699,2021-06-22,423.110000,0.005346,57700303
84398,78462F10,SPY,46699,2021-06-23,422.600000,-0.001205,49445414
84398,78462F10,SPY,46699,2021-06-24,425.100000,0.005916,45110288
84398,78462F10,SPY,46699,2021-06-25,426.610000,0.003552,58129525
84398,78462F10,SPY,46699,2021-06-28,427.470000,0.002016,53159581
84398,78462F10,SPY,46699,2021-06-29,427.700000,0.000538,35970515
84398,78462F10,SPY,46699,2021-06-30,428.060000,0.000842,64827858
84398,78462F10,SPY,46699,2021-07-01,430.430000,0.005537,53441027
84398,78462F10,SPY,46699,2021-07-02,433.720000,0.007644,57697668
84398,78462F10,SPY,46699,2021-07-06,432.930000,-0.001821,68710419
84398,78462F10,SPY,46699,2021-07-07,434.460000,0.003534,63549456
84398,78462F10,SPY,46699,2021-07-08,430.920000,-0.008148,97595232
84398,78462F10,SPY,46699,2021-07-09,435.520000,0.010675,76238584
84398,78462F10,SPY,46699,2021-07-12,437.080000,0.003582,52889585
84398,78462F10,SPY,46699,2021-07-13,435.590000,-0.003409,52911312
84398,78462F10,SPY,46699,2021-07-14,436.240000,0.001492,64130352
84398,78462F10,SPY,46699,2021-07-15,434.750000,-0.003416,55126358
84398,78462F10,SPY,46699,2021-07-16,431.340000,-0.007844,75874662
84398,78462F10,SPY,46699,2021-07-19,424.970000,-0.014768,147987000
84398,78462F10,SPY,46699,2021-07-20,431.060000,0.014330,99608174
84398,78462F10,SPY,46699,2021-07-21,434.550000,0.008096,64724389
84398,78462F10,SPY,46699,2021-07-22,435.460000,0.002094,47878539
84398,78462F10,SPY,46699,2021-07-23,439.940000,0.010288,63766637
84398,78462F10,SPY,46699,2021-07-26,441.020000,0.002455,43719187
84398,78462F10,SPY,46699,2021-07-27,439.010000,-0.004558,67397137
84398,78462F10,SPY,46699,2021-07-28,438.830000,-0.000410,52472360
84398,78462F10,SPY,46699,2021-07-29,440.650000,0.004147,47435342
84398,78462F10,SPY,46699,2021-07-30,438.510000,-0.004856,68951202
84398,78462F10,SPY,46699,2021-08-02,437.590000,-0.002098,58783297
84398,78462F10,SPY,46699,2021-08-03,441.150000,0.008135,58053896
84398,78462F10,SPY,46699,2021-08-04,438.980000,-0.004919,46732212
84398,78462F10,SPY,46699,2021-08-05,441.760000,0.006333,38969659
84398,78462F10,SPY,46699,2021-08-06,442.490000,0.001652,46930008
84398,78462F10,SPY,46699,2021-08-09,442.130000,-0.000814,41222585
84398,78462F10,SPY,46699,2021-08-10,442.680000,0.001244,43339275
84398,78462F10,SPY,46699,2021-08-11,443.780000,0.002485,44034340
84398,78462F10,SPY,46699,2021-08-12,445.110000,0.002997,38942418
84398,78462F10,SPY,46699,2021-08-13,445.920000,0.001820,39470251
84398,78462F10,SPY,46699,2021-08-16,446.970000,0.002355,73930864
84398,78462F10,SPY,46699,2021-08-17,444.040000,-0.006555,92673933
84398,78462F10,SPY,46699,2021-08-18,439.180000,-0.010945,89351931
84398,78462F10,SPY,46699,2021-08-19,439.860000,0.001548,92812246
84398,78462F10,SPY,46699,2021-08-20,443.360000,0.007957,72008712
84398,78462F10,SPY,46699,2021-08-23,447.260000,0.008796,54973038
84398,78462F10,SPY,46699,2021-08-24,447.970000,0.001587,38744714
84398,78462F10,SPY,46699,2021-08-25,448.910000,0.002098,40529711
84398,78462F10,SPY,46699,2021-08-26,446.260000,-0.005903,57829572
84398,78462F10,SPY,46699,2021-08-27,450.250000,0.008941,77235113
84398,78462F10,SPY,46699,2021-08-30,452.230000,0.004398,48357355
84398,78462F10,SPY,46699,2021-08-31,451.560000,-0.001482,59300213
84398,78462F10,SPY,46699,2021-09-01,451.800000,0.000531,48698116
84398,78462F10,SPY,46699,2021-09-02,453.190000,0.003077,42531250
84398,78462F10,SPY,46699,2021-09-03,453.080000,-0.000243,47199758
84398,78462F10,SPY,46699,2021-09-07,451.460000,-0.003576,51584882
84398,78462F10,SPY,46699,2021-09-08,450.910000,-0.001218,56135251
84398,78462F10,SPY,46699,2021-09-09,448.980000,-0.004280,57905536
84398,78462F10,SPY,46699,2021-09-10,445.440000,-0.007885,89878184
84398,78462F10,SPY,46699,2021-09-13,446.580000,0.002559,83660977
84398,78462F10,SPY,46699,2021-09-14,444.170000,-0.005397,78119590
84398,78462F10,SPY,46699,2021-09-15,447.880000,0.008353,78731511
84398,78462F10,SPY,46699,2021-09-16,447.170000,-0.001585,77714425
84398,78462F10,SPY,46699,2021-09-17,441.400000,-0.009710,118238387
84398,78462F10,SPY,46699,2021-09-20,434.040000,-0.016674,166445534
84398,78462F10,SPY,46699,2021-09-21,433.630000,-0.000945,92526112
84398,78462F10,SPY,46699,2021-09-22,437.860000,0.009755,102350143
84398,78462F10,SPY,46699,2021-09-23,443.180000,0.012150,76395981
84398,78462F10,SPY,46699,2021-09-24,443.910000,0.001647,62094837
84398,78462F10,SPY,46699,2021-09-27,442.640000,-0.002861,61371108
84398,78462F10,SPY,46699,2021-09-28,433.720000,-0.020152,130436306
84398,78462F10,SPY,46699,2021-09-29,434.450000,0.001683,82329213
84398,78462F10,SPY,46699,2021-09-30,429.140000,-0.012222,140505979
84398,78462F10,SPY,46699,2021-10-01,434.240000,0.011884,129240106
84398,78462F10,SPY,46699,2021-10-04,428.640000,-0.012896,128569957
84398,78462F10,SPY,46699,2021-10-05,433.100000,0.010405,90682520
84398,78462F10,SPY,46699,2021-10-06,434.900000,0.004156,113032245
84398,78462F10,SPY,46699,2021-10-07,438.660000,0.008646,72437499
84398,78462F10,SPY,46699,2021-10-08,437.860000,-0.001824,74557404
84398,78462F10,SPY,46699,2021-10-11,434.690000,-0.007240,65233285
84398,78462F10,SPY,46699,2021-10-12,433.620000,-0.002462,71181163
84398,78462F10,SPY,46699,2021-10-13,435.180000,0.003598,72973979
84398,78462F10,SPY,46699,2021-10-14,442.500000,0.016821,70236825
84398,78462F10,SPY,46699,2021-10-15,445.870000,0.007616,66260210
84398,78462F10,SPY,46699,2021-10-18,447.190000,0.002961,62213228
84398,78462F10,SPY,46699,2021-10-19,450.640000,0.007715,46996827
84398,78462F10,SPY,46699,2021-10-20,452.410000,0.003928,49571569
84398,78462F10,SPY,46699,2021-10-21,453.590000,0.002608,41305438
84398,78462F10,SPY,46699,2021-10-22,453.120000,-0.001036,58845088
84398,78462F10,SPY,46699,2021-10-25,455.550000,0.005363,45214507
84398,78462F10,SPY,46699,2021-10-26,455.960000,0.000900,56075116
84398,78462F10,SPY,46699,2021-10-27,453.940000,-0.004430,72437997
84398,78462F10,SPY,46699,2021-10-28,458.320000,0.009649,51437944
84398,78462F10,SPY,46699,2021-10-29,459.250000,0.002029,70162424
84398,78462F10,SPY,46699,2021-11-01,460.040000,0.001720,48433642
84398,78462F10,SPY,46699,2021-11-02,461.900000,0.004043,48908417
84398,78462F10,SPY,46699,2021-11-03,464.720000,0.006105,52509825
84398,78462F10,SPY,46699,2021-11-04,466.910000,0.004713,52847087
84398,78462F10,SPY,46699,2021-11-05,468.530000,0.003470,66390563
84398,78462F10,SPY,46699,2021-11-08,468.930000,0.000854,50405194
84398,78462F10,SPY,46699,2021-11-09,467.380000,-0.003305,51149147
84398,78462F10,SPY,46699,2021-11-10,463.620000,-0.008045,69429653
84398,78462F10,SPY,46699,2021-11-11,463.770000,0.000324,34848495
84398,78462F10,SPY,46699,2021-11-12,467.270000,0.007547,53466654
84398,78462F10,SPY,46699,2021-11-15,467.430000,0.000342,46980500
84398,78462F10,SPY,46699,2021-11-16,469.280000,0.003958,48857502
84398,78462F10,SPY,46699,2021-11-17,468.140000,-0.002429,47858289
84398,78462F10,SPY,46699,2021-11-18,469.730000,0.003396,50625607
84398,78462F10,SPY,46699,2021-11-19,468.890000,-0.001788,57315573
84398,78462F10,SPY,46699,2021-11-22,467.570000,-0.002815,72761954
84398,78462F10,SPY,46699,2021-11-23,468.190000,0.001326,73206538
84398,78462F10,SPY,46699,2021-11-24,469.440000,0.002670,61858813
84398,78462F10,SPY,46699,2021-11-26,458.970000,-0.022303,112669636
84398,78462F10,SPY,46699,2021-11-29,464.600000,0.012267,86268818
84398,78462F10,SPY,46699,2021-11-30,455.560000,-0.019458,148559598
84398,78462F10,SPY,46699,2021-12-01,450.500000,-0.011107,132485835
84398,78462F10,SPY,46699,2021-12-02,457.400000,0.015316,127637758
84398,78462F10,SPY,46699,2021-12-03,453.420000,-0.008701,137331647
84398,78462F10,SPY,46699,2021-12-06,458.790000,0.011843,98977532
84398,78462F10,SPY,46699,2021-12-07,468.280000,0.020685,95484688
84398,78462F10,SPY,46699,2021-12-08,469.520000,0.002648,72238777
84398,78462F10,SPY,46699,2021-12-09,466.350000,-0.006752,61272568
84398,78462F10,SPY,46699,2021-12-10,470.740000,0.009414,77159757
84398,78462F10,SPY,46699,2021-12-13,466.570000,-0.008858,87724680
84398,78462F10,SPY,46699,2021-12-14,463.360000,-0.006880,97264128
84398,78462F10,SPY,46699,2021-12-15,470.600000,0.015625,116899251
84398,78462F10,SPY,46699,2021-12-16,466.450000,-0.008819,116568626
84398,78462F10,SPY,46699,2021-12-17,459.870000,-0.010598,135636510
84398,78462F10,SPY,46699,2021-12-20,454.980000,-0.010633,107134822
84398,78462F10,SPY,46699,2021-12-21,463.060000,0.017759,69806260
84398,78462F10,SPY,46699,2021-12-22,467.690000,0.009999,58890223
84398,78462F10,SPY,46699,2021-12-23,470.600000,0.006222,56439745
84398,78462F10,SPY,46699,2021-12-27,477.260000,0.014152,56808619
84398,78462F10,SPY,46699,2021-12-28,476.870000,-0.000817,47274585
84398,78462F10,SPY,46699,2021-12-29,477.480000,0.001279,54502964
84398,78462F10,SPY,46699,2021-12-30,476.160000,-0.002765,55329041
84398,78462F10,SPY,46699,2021-12-31,474.960000,-0.002520,65237431
84398,78462F10,SPY,46699,2022-01-03,477.710000,0.005790,72668233
84398,78462F10,SPY,46699,2022-01-04,477.550000,-0.000335,71178678
84398,78462F10,SPY,46699,2022-01-05,468.380000,-0.019202,104538940
84398,78462F10,SPY,46699,2022-01-06,467.940000,-0.000939,86858900
84398,78462F10,SPY,46699,2022-01-07,466.090000,-0.003953,85111593
84398,78462F10,SPY,46699,2022-01-10,465.510000,-0.001244,119361989
84398,78462F10,SPY,46699,2022-01-11,469.750000,0.009108,74303062
84398,78462F10,SPY,46699,2022-01-12,471.020000,0.002704,67605444
84398,78462F10,SPY,46699,2022-01-13,464.530000,-0.013779,91173121
84398,78462F10,SPY,46699,2022-01-14,464.720000,0.000409,95890948
84398,78462F10,SPY,46699,2022-01-18,456.490000,-0.017710,109872376
84398,78462F10,SPY,46699,2022-01-19,451.750000,-0.010384,109357569
84398,78462F10,SPY,46699,2022-01-20,446.750000,-0.011068,122379696
84398,78462F10,SPY,46699,2022-01-21,437.980000,-0.019631,202271241
84398,78462F10,SPY,46699,2022-01-24,439.840000,0.004247,252496719
84398,78462F10,SPY,46699,2022-01-25,434.470000,-0.012209,167997325
84398,78462F10,SPY,46699,2022-01-26,433.380000,-0.002509,186391088
84398,78462F10,SPY,46699,2022-01-27,431.240000,-0.004938,149878307
84398,78462F10,SPY,46699,2022-01-28,441.950000,0.024835,164457370
84398,78462F10,SPY,46699,2022-01-31,449.910000,0.018011,152251425
84398,78462F10,SPY,46699,2022-02-01,452.950000,0.006757,123155382
84398,78462F10,SPY,46699,2022-02-02,457.350000,0.009714,117360953
84398,78462F10,SPY,46699,2022-02-03,446.600000,-0.023505,118024442
84398,78462F10,SPY,46699,2022-02-04,448.700000,0.004702,118454352
84398,78462F10,SPY,46699,2022-02-07,447.260000,-0.003209,84472859
84398,78462F10,SPY,46699,2022-02-08,450.940000,0.008228,81012036
84398,78462F10,SPY,46699,2022-02-09,457.540000,0.014636,92589929
84398,78462F10,SPY,46699,2022-02-10,449.320000,-0.017966,140103712
84398,78462F10,SPY,46699,2022-02-11,440.460000,-0.019719,153214597
84398,78462F10,SPY,46699,2022-02-14,439.020000,-0.003269,123006262
84398,78462F10,SPY,46699,2022-02-15,446.100000,0.016127,88659503
84398,78462F10,SPY,46699,2022-02-16,446.600000,0.001121,84863585
84398,78462F10,SPY,46699,2022-02-17,437.060000,-0.021361,102259108
84398,78462F10,SPY,46699,2022-02-18,434.230000,-0.006475,132642896
84398,78462F10,SPY,46699,2022-02-22,429.570000,-0.010732,124391830
84398,78462F10,SPY,46699,2022-02-23,421.950000,-0.017739,132578005
84398,78462F10,SPY,46699,2022-02-24,428.300000,0.015049,213942946
84398,78462F10,SPY,46699,2022-02-25,437.750000,0.022064,121804459
84398,78462F10,SPY,46699,2022-02-28,436.630000,-0.002559,145615029
84398,78462F10,SPY,46699,2022-03-01,429.980000,-0.015230,137785908
84398,78462F10,SPY,46699,2022-03-02,437.890000,0.018396,117726525
84398,78462F10,SPY,46699,2022-03-03,435.710000,-0.004978,105501715
84398,78462F10,SPY,46699,2022-03-04,432.170000,-0.008125,114083256
84398,78462F10,SPY,46699,2022-03-07,419.430000,-0.029479,137896560
84398,78462F10,SPY,46699,2022-03-08,416.250000,-0.007582,164772744
84398,78462F10,SPY,46699,2022-03-09,427.410000,0.026811,116990765
84398,78462F10,SPY,46699,2022-03-10,425.480000,-0.004516,93972655
84398,78462F10,SPY,46699,2022-03-11,420.070000,-0.012715,95636277
84398,78462F10,SPY,46699,2022-03-14,417.000000,-0.007308,95729188
84398,78462F10,SPY,46699,2022-03-15,426.170000,0.021990,106219117
84398,78462F10,SPY,46699,2022-03-16,435.620000,0.022174,144954805
84398,78462F10,SPY,46699,2022-03-17,441.070000,0.012511,102676870
84398,78462F10,SPY,46699,2022-03-18,444.520000,0.010919,106345544
84398,78462F10,SPY,46699,2022-03-21,444.390000,-0.000292,88349763
84398,78462F10,SPY,46699,2022-03-22,449.590000,0.011701,74650394
84398,78462F10,SPY,46699,2022-03-23,443.800000,-0.012878,79426098
84398,78462F10,SPY,46699,2022-03-24,450.490000,0.015074,64736892
84398,78462F10,SPY,46699,2022-03-25,452.690000,0.004884,77101324
84398,78462F10,SPY,46699,2022-03-28,455.910000,0.007113,68529767
84398,78462F10,SPY,46699,2022-03-29,461.550000,0.012371,86581542
84398,78462F10,SPY,46699,2022-03-30,458.700000,-0.006175,79666942
84398,78462F10,SPY,46699,2022-03-31,451.640000,-0.015391,121699948
84398,78462F10,SPY,46699,2022-04-01,452.920000,0.002834,89048773
84398,78462F10,SPY,46699,2022-04-04,456.800000,0.008567,59601000
84398,78462F10,SPY,46699,2022-04-05,451.030000,-0.012631,74214501
84398,78462F10,SPY,46699,2022-04-06,446.520000,-0.009999,106897970
84398,78462F10,SPY,46699,2022-04-07,448.770000,0.005039,78097214
84398,78462F10,SPY,46699,2022-04-08,447.570000,-0.002674,79272711
84398,78462F10,SPY,46699,2022-04-11,439.920000,-0.017092,89770538
84398,78462F10,SPY,46699,2022-04-12,438.290000,-0.003705,84363635
84398,78462F10,SPY,46699,2022-04-13,443.310000,0.011454,74070394
84398,78462F10,SPY,46699,2022-04-14,437.790000,-0.012452,97869451
84398,78462F10,SPY,46699,2022-04-18,437.970000,0.000411,66002498
84398,78462F10,SPY,46699,2022-04-19,445.040000,0.016143,77821013
84398,78462F10,SPY,46699,2022-04-20,444.710000,-0.000742,65224449
84398,78462F10,SPY,46699,2022-04-21,438.060000,-0.014954,85417327
84398,78462F10,SPY,46699,2022-04-22,426.040000,-0.027439,132471772
84398,78462F10,SPY,46699,2022-04-25,428.510000,0.005798,119647748
84398,78462F10,SPY,46699,2022-04-26,416.100000,-0.028961,103996312
84398,78462F10,SPY,46699,2022-04-27,417.270000,0.002812,122029990
84398,78462F10,SPY,46699,2022-04-28,427.810000,0.025259,105449088
84398,78462F10,SPY,46699,2022-04-29,412.000000,-0.036956,145491088
84398,78462F10,SPY,46699,2022-05-02,414.480000,0.006019,158312526
84398,78462F10,SPY,46699,2022-05-03,416.380000,0.004584,100028190
84398,78462F10,SPY,46699,2022-05-04,429.060000,0.030453,144247895
84398,78462F10,SPY,46699,2022-05-05,413.810000,-0.035543,172929106
84398,78462F10,SPY,46699,2022-05-06,411.340000,-0.005969,151770811
84398,78462F10,SPY,46699,2022-05-09,398.170000,-0.032017,155586067
84398,78462F10,SPY,46699,2022-05-10,399.090000,0.002311,132497200
84398,78462F10,SPY,46699,2022-05-11,392.750000,-0.015886,142360992
84398,78462F10,SPY,46699,2022-05-12,392.340000,-0.001044,125090753
84398,78462F10,SPY,46699,2022-05-13,401.720000,0.023908,104174421
84398,78462F10,SPY,46699,2022-05-16,400.090000,-0.004058,78622444
84398,78462F10,SPY,46699,2022-05-17,408.320000,0.020570,83029710
84398,78462F10,SPY,46699,2022-05-18,391.860000,-0.040312,117674545
84398,78462F10,SPY,46699,2022-05-19,389.460000,-0.006125,98510715
84398,78462F10,SPY,46699,2022-05-20,389.630000,0.000437,131432197
84398,78462F10,SPY,46699,2022-05-23,396.920000,0.018710,76414878
84398,78462F10,SPY,46699,2022-05-24,393.890000,-0.007634,91448831
84398,78462F10,SPY,46699,2022-05-25,397.370000,0.008835,91472866
84398,78462F10,SPY,46699,2022-05-26,405.310000,0.019981,82168339
84398,78462F10,SPY,46699,2022-05-27,415.260000,0.024549,84768710
84398,78462F10,SPY,46699,2022-05-31,412.930000,-0.005611,95936980
84398,78462F10,SPY,46699,2022-06-01,409.590000,-0.008089,86585813
84398,78462F10,SPY,46699,2022-06-02,417.390000,0.019043,79609633
84398,78462F10,SPY,46699,2022-06-03,410.540000,-0.016412,71874281
84398,78462F10,SPY,46699,2022-06-06,411.790000,0.003045,57508858
84398,78462F10,SPY,46699,2022-06-07,415.740000,0.009592,59272373
84398,78462F10,SPY,46699,2022-06-08,411.220000,-0.010872,64349966
84398,78462F10,SPY,46699,2022-06-09,401.440000,-0.023783,86289796
84398,78462F10,SPY,46699,2022-06-10,389.800000,-0.028996,132893864
84398,78462F10,SPY,46699,2022-06-13,375.000000,-0.037968,170004861
84398,78462F10,SPY,46699,2022-06-14,373.870000,-0.003013,104011831
84398,78462F10,SPY,46699,2022-06-15,379.200000,0.014256,125666797
84398,78462F10,SPY,46699,2022-06-16,366.650000,-0.033096,134473288
84398,78462F10,SPY,46699,2022-06-17,365.860000,0.002146,111113904
84398,78462F10,SPY,46699,2022-06-21,375.070000,0.025174,76811861
84398,78462F10,SPY,46699,2022-06-22,374.390000,-0.001813,90059424
84398,78462F10,SPY,46699,2022-06-23,378.060000,0.009803,79292135
84398,78462F10,SPY,46699,2022-06-24,390.080000,0.031794,98050333
84398,78462F10,SPY,46699,2022-06-27,388.590000,-0.003820,66009617
84398,78462F10,SPY,46699,2022-06-28,380.650000,-0.020433,86689824
84398,78462F10,SPY,46699,2022-06-29,380.340000,-0.000814,65675999
84398,78462F10,SPY,46699,2022-06-30,377.250000,-0.008124,112508273
84398,78462F10,SPY,46699,2022-07-01,381.240000,0.010577,74839729
84398,78462F10,SPY,46699,2022-07-05,381.960000,0.001889,81437965
84398,78462F10,SPY,46699,2022-07-06,383.250000,0.003377,70426244
84398,78462F10,SPY,46699,2022-07-07,388.990000,0.014977,64525919
84398,78462F10,SPY,46699,2022-07-08,388.670000,-0.000823,72397765
84398,78462F10,SPY,46699,2022-07-11,384.230000,-0.011424,58366945
84398,78462F10,SPY,46699,2022-07-12,380.830000,-0.008849,62219178
84398,78462F10,SPY,46699,2022-07-13,378.830000,-0.005252,84224649
84398,78462F10,SPY,46699,2022-07-14,377.910000,-0.002429,89704819
84398,78462F10,SPY,46699,2022-07-15,385.130000,0.019105,79060383
84398,78462F10,SPY,46699,2022-07-18,381.950000,-0.008257,63203626
84398,78462F10,SPY,46699,2022-07-19,392.270000,0.027019,78505972
84398,78462F10,SPY,46699,2022-07-20,394.770000,0.006373,71843769
84398,78462F10,SPY,46699,2022-07-21,398.790000,0.010183,64903856
84398,78462F10,SPY,46699,2022-07-22,395.090000,-0.009278,72197332
84398,78462F10,SPY,46699,2022-07-25,395.570000,0.001215,53631485
84398,78462F10,SPY,46699,2022-07-26,390.890000,-0.011831,52946393
84398,78462F10,SPY,46699,2022-07-27,401.040000,0.025966,82342106
84398,78462F10,SPY,46699,2022-07-28,406.070000,0.012542,73966563
84398,78462F10,SPY,46699,2022-07-29,411.990000,0.014579,87003672
84398,78462F10,SPY,46699,2022-08-01,410.770000,-0.002961,69997471
84398,78462F10,SPY,46699,2022-08-02,408.060000,-0.006597,63435418
84398,78462F10,SPY,46699,2022-08-03,414.450000,0.015659,67820555
84398,78462F10,SPY,46699,2022-08-04,414.170000,-0.000676,45656574
84398,78462F10,SPY,46699,2022-08-05,413.470000,-0.001690,56814929
84398,78462F10,SPY,46699,2022-08-08,412.990000,-0.001161,54025965
84398,78462F10,SPY,46699,2022-08-09,411.350000,-0.003971,44931772
84398,78462F10,SPY,46699,2022-08-10,419.990000,0.021004,68665712
84398,78462F10,SPY,46699,2022-08-11,419.990000,0.000000,59489704
84398,78462F10,SPY,46699,2022-08-12,427.100000,0.016929,61694542
84398,78462F10,SPY,46699,2022-08-15,428.860000,0.004121,54048280
84398,78462F10,SPY,46699,2022-08-16,429.700000,0.001959,59289039
84398,78462F10,SPY,46699,2022-08-17,426.650000,-0.007098,63563394
84398,78462F10,SPY,46699,2022-08-18,427.890000,0.002906,49023206
84398,78462F10,SPY,46699,2022-08-19,422.140000,-0.013438,68016902
84398,78462F10,SPY,46699,2022-08-22,413.350000,-0.020822,77695640
84398,78462F10,SPY,46699,2022-08-23,412.350000,-0.002419,49105249
84398,78462F10,SPY,46699,2022-08-24,413.670000,0.003201,49177804
84398,78462F10,SPY,46699,2022-08-25,419.510000,0.014118,50942252
84398,78462F10,SPY,46699,2022-08-26,405.310000,-0.033849,103086976
84398,78462F10,SPY,46699,2022-08-29,402.630000,-0.006612,65370810
84398,78462F10,SPY,46699,2022-08-30,398.210000,-0.010978,85652443
84398,78462F10,SPY,46699,2022-08-31,395.180000,-0.007609,76029671
84398,78462F10,SPY,46699,2022-09-01,396.420000,0.003138,78740084
84398,78462F10,SPY,46699,2022-09-02,392.240000,-0.010544,99632149
84398,78462F10,SPY,46699,2022-09-06,390.760000,-0.003773,76637400
84398,78462F10,SPY,46699,2022-09-07,397.780000,0.017965,70964232
84398,78462F10,SPY,46699,2022-09-08,400.380000,0.006536,80821681
84398,78462F10,SPY,46699,2022-09-09,406.600000,0.015535,76706918
84398,78462F10,SPY,46699,2022-09-12,410.970000,0.010748,69256262
84398,78462F10,SPY,46699,2022-09-13,393.100000,-0.043482,122947081
84398,78462F10,SPY,46699,2022-09-14,394.600000,0.003816,85023747
84398,78462F10,SPY,46699,2022-09-15,390.120000,-0.011353,87633840
84398,78462F10,SPY,46699,2022-09-16,385.560000,-0.007597,103084819
84398,78462F10,SPY,46699,2022-09-19,388.550000,0.007755,73278490
84398,78462F10,SPY,46699,2022-09-20,384.090000,-0.011479,77274882
84398,78462F10,SPY,46699,2022-09-21,377.390000,-0.017444,106746554
84398,78462F10,SPY,46699,2022-09-22,374.220000,-0.008400,89472641
84398,78462F10,SPY,46699,2022-09-23,367.950000,-0.016755,122346933
84398,78462F10,SPY,46699,2022-09-26,364.310000,-0.009893,92581244
84398,78462F10,SPY,46699,2022-09-27,363.380000,-0.002553,108294074
84398,78462F10,SPY,46699,2022-09-28,370.530000,0.019676,110802217
84398,78462F10,SPY,46699,2022-09-29,362.790000,-0.020889,112952315
84398,78462F10,SPY,46699,2022-09-30,357.180000,-0.015463,153711243
84398,78462F10,SPY,46699,2022-10-03,366.610000,0.026401,89756479
84398,78462F10,SPY,46699,2022-10-04,377.970000,0.030987,103602775
84398,78462F10,SPY,46699,2022-10-05,377.090000,-0.002328,88065669
84398,78462F10,SPY,46699,2022-10-06,373.200000,-0.010316,82333543
84398,78462F10,SPY,46699,2022-10-07,362.790000,-0.027894,107789498
84398,78462F10,SPY,46699,2022-10-10,360.020000,-0.007635,76042765
84398,78462F10,SPY,46699,2022-10-11,357.740000,-0.006333,92482785
84398,78462F10,SPY,46699,2022-10-12,356.560000,-0.003298,76991799
84398,78462F10,SPY,46699,2022-10-13,365.970000,0.026391,147254518
84398,78462F10,SPY,46699,2022-10-14,357.630000,-0.022789,123737013
84398,78462F10,SPY,46699,2022-10-17,366.820000,0.025697,93168231
84398,78462F10,SPY,46699,2022-10-18,371.130000,0.011750,97162850
84398,78462F10,SPY,46699,2022-10-19,368.500000,-0.007086,79746863
84398,78462F10,SPY,46699,2022-10-20,365.410000,-0.008385,88283087
84398,78462F10,SPY,46699,2022-10-21,374.290000,0.024301,131038379
84398,78462F10,SPY,46699,2022-10-24,378.870000,0.012237,85436907
84398,78462F10,SPY,46699,2022-10-25,384.920000,0.015969,78846348
84398,78462F10,SPY,46699,2022-10-26,382.020000,-0.007534,104087348
84398,78462F10,SPY,46699,2022-10-27,379.980000,-0.005340,81971756
84398,78462F10,SPY,46699,2022-10-28,389.020000,0.023791,100301958
84398,78462F10,SPY,46699,2022-10-31,386.210000,-0.007223,96631258
84398,78462F10,SPY,46699,2022-11-01,384.520000,-0.004376,85407598
84398,78462F10,SPY,46699,2022-11-02,374.870000,-0.025096,126990356
84398,78462F10,SPY,46699,2022-11-03,371.010000,-0.010297,87100115
84398,78462F10,SPY,46699,2022-11-04,376.350000,0.014393,103505182
84398,78462F10,SPY,46699,2022-11-07,379.950000,0.009566,68286947
84398,78462F10,SPY,46699,2022-11-08,382.000000,0.005395,84641062
84398,78462F10,SPY,46699,2022-11-09,374.130000,-0.020602,78495470
84398,78462F10,SPY,46699,2022-11-10,394.690000,0.054954,141455847
84398,78462F10,SPY,46699,2022-11-11,398.510000,0.009678,93839872
84398,78462F10,SPY,46699,2022-11-14,395.120000,-0.008507,71893165
84398,78462F10,SPY,46699,2022-11-15,398.490000,0.008529,93194452
84398,78462F10,SPY,46699,2022-11-16,395.450000,-0.007629,68508454
84398,78462F10,SPY,46699,2022-11-17,394.240000,-0.003060,74496255
84398,78462F10,SPY,46699,2022-11-18,396.030000,0.004540,92922451
84398,78462F10,SPY,46699,2022-11-21,394.590000,-0.003636,51243189
84398,78462F10,SPY,46699,2022-11-22,399.900000,0.013457,60429025
84398,78462F10,SPY,46699,2022-11-23,402.420000,0.006302,68261628
84398,78462F10,SPY,46699,2022-11-25,402.330000,-0.000224,30545434
84398,78462F10,SPY,46699,2022-11-28,395.910000,-0.015957,68021749
84398,78462F10,SPY,46699,2022-11-29,395.230000,-0.001718,52310039
84398,78462F10,SPY,46699,2022-11-30,407.680000,0.031501,144566653
84398,78462F10,SPY,46699,2022-12-01,407.380000,-0.000736,76398170
84398,78462F10,SPY,46699,2022-12-02,406.910000,-0.001154,85342731
84398,78462F10,SPY,46699,2022-12-05,399.590000,-0.017989,77289815
84398,78462F10,SPY,46699,2022-12-06,393.830000,-0.014415,77972217
84398,78462F10,SPY,46699,2022-12-07,393.160000,-0.001701,65927896
84398,78462F10,SPY,46699,2022-12-08,396.240000,0.007834,60737912
84398,78462F10,SPY,46699,2022-12-09,393.280000,-0.007470,81447733
84398,78462F10,SPY,46699,2022-12-12,398.950000,0.014417,75405835
84398,78462F10,SPY,46699,2022-12-13,401.970000,0.007570,123782534
84398,78462F10,SPY,46699,2022-12-14,399.400000,-0.006394,108111349
84398,78462F10,SPY,46699,2022-12-15,389.630000,-0.024462,117705889
84398,78462F10,SPY,46699,2022-12-16,383.270000,-0.011751,119857952
84398,78462F10,SPY,46699,2022-12-19,380.020000,-0.008480,79878103
84398,78462F10,SPY,46699,2022-12-20,380.540000,0.001368,74427240
84398,78462F10,SPY,46699,2022-12-21,386.230000,0.014952,78167369
84398,78462F10,SPY,46699,2022-12-22,380.720000,-0.014266,100120855
84398,78462F10,SPY,46699,2022-12-23,382.910000,0.005752,59857329
84398,78462F10,SPY,46699,2022-12-27,381.400000,-0.003943,51638180
84398,78462F10,SPY,46699,2022-12-28,376.660000,-0.012428,70911520
84398,78462F10,SPY,46699,2022-12-29,383.440000,0.018000,66970877
84398,78462F10,SPY,46699,2022-12-30,382.430000,-0.002634,84022205
